[{"pk": 1, "model": "auth.user", "fields": {"username": "admin", "first_name": "", "last_name": "", "is_active": true, "is_superuser": true, "is_staff": true, "last_login": "2009-10-23 14:22:32", "groups": [], "user_permissions": [], "password": "sha1$bce38$467bf323c8a713f4a59f58317febc8342a30eec9", "email": "kwan@media.mit.edu", "date_joined": "2009-10-23 14:19:48"}}, {"pk": 2, "model": "auth.user", "fields": {"username": "706848", "first_name": "Kwan", "last_name": "Lee", "is_active": true, "is_superuser": false, "is_staff": false, "last_login": "2010-04-26 15:22:53", "groups": [], "user_permissions": [], "password": "!", "email": "", "date_joined": "2010-04-26 15:21:26"}}, {"pk": 1, "model": "facebookconnect.facebookprofile", "fields": {"user": 2, "facebook_id": 706848}}, {"pk": 1, "model": "common.experiment", "fields": {"active": true, "name": "Control Group", "description": "This group only sees store names"}}, {"pk": 2, "model": "common.experiment", "fields": {"active": true, "name": "Social Group", "description": "This group sees friend's traces"}}, {"pk": 3, "model": "common.experiment", "fields": {"active": true, "name": "Popularity Group", "description": "This group only sees popularity of where people go"}}, {"pk": 4, "model": "common.experiment", "fields": {"active": true, "name": "Fake Social Group", "description": "This group gets fake recommendations"}}, {"pk": 5, "model": "common.experiment", "fields": {"active": true, "name": "Meet Up Group", "description": "This group allows to see people who are going to be eating at certain places."}}, {"pk": 2, "model": "common.otnuser", "fields": {"wesabe_id": "", "name": "Kwan Hong Lee", "pin": "93028e53754c88055e7251896d944d89d670107bb35c09cbc440240c", "my_email": "kool@mit.edu", "image": "http://external.ak.fbcdn.net/safe_image.php?d=48a656a116ea622bf6e462eae03e9ecd&url=http%3A%2F%2Fprofile.ak.fbcdn.net%2Fv229%2F620%2F9%2Fq706848_1099.jpg&logo&v=5", "visits": 0, "mit_id": "926634034", "phone": "617-999-9999", "experiment": 1, "voucher": false, "groups": [], "user_permissions": [], "approved": 1}}, {"pk": 1, "model": "common.sharingprofile", "fields": {"laundry": 3, "user": 2, "general": 3}}, {"pk": 1, "model": "common.otnconsent", "fields": {"techcash": true, "user": 2, "otn": true, "timestamp": "2010-04-26 15:21:26"}}, {"pk": 1, "model": "common.friends", "fields": {"image": "http://external.ak.fbcdn.net/safe_image.php?d=48a656a116ea622bf6e462eae03e9ecd&url=http%3A%2F%2Fprofile.ak.fbcdn.net%2Fv229%2F620%2F9%2Fq706848_1099.jpg&logo&v=5", "last_update": "2010-04-26 15:21:26", "friends": [2, 3, 4, 5, 6, 7, 8, 9, 10, 11, 12, 13, 14, 15, 16, 17, 18, 19, 20, 21, 22, 23, 24, 25, 26, 27, 28, 29, 30, 31, 32, 33, 34, 35, 36, 37, 38, 39, 40, 41, 42, 43, 44, 45, 46, 47, 48, 49, 50, 51], "name": "Kwan Hong Lee", "facebook_id": 706848}}, {"pk": 2, "model": "common.friends", "fields": {"image": "http://profile.ak.fbcdn.net/hprofile-ak-sf2p/hs624.snc3/27408_1311_2369_q.jpg", "last_update": "2010-04-26 15:21:28", "friends": [1], "name": "Shirley Veronica Cardona", "facebook_id": 1311}}, {"pk": 3, "model": "common.friends", "fields": {"image": "http://profile.ak.fbcdn.net/v222/1788/89/q1341_5735.jpg", "last_update": "2010-04-26 15:21:28", "friends": [1], "name": "Chris Nicholson", "facebook_id": 1341}}, {"pk": 4, "model": "common.friends", "fields": {"image": "http://profile.ak.fbcdn.net/v229/1748/63/q3338_4272.jpg", "last_update": "2010-04-26 15:21:28", "friends": [1], "name": "Tae Ho Cho", "facebook_id": 3338}}, {"pk": 5, "model": "common.friends", "fields": {"image": "http://profile.ak.fbcdn.net/v225/717/88/q3974_8651.jpg", "last_update": "2010-04-26 15:21:28", "friends": [1], "name": "Rajae Merzoug", "facebook_id": 3974}}, {"pk": 6, "model": "common.friends", "fields": {"image": "http://profile.ak.fbcdn.net/v22943/1290/99/q5614_862.jpg", "last_update": "2010-04-26 15:21:28", "friends": [1], "name": "Christine Kyuyoung Lee", "facebook_id": 5614}}, {"pk": 7, "model": "common.friends", "fields": {"image": "http://profile.ak.fbcdn.net/v22944/46/49/q6767_3700.jpg", "last_update": "2010-04-26 15:21:28", "friends": [1], "name": "Jeong Oh", "facebook_id": 6767}}, {"pk": 8, "model": "common.friends", "fields": {"image": "http://profile.ak.fbcdn.net/profile/1828/32/q9704_10219.jpg", "last_update": "2010-04-26 15:21:28", "friends": [1], "name": "Seung-Kyu Kong", "facebook_id": 9704}}, {"pk": 9, "model": "common.friends", "fields": {"image": "http://profile.ak.fbcdn.net/hprofile-ak-sf2p/hs642.snc3/27370_12353_9858_q.jpg", "last_update": "2010-04-26 15:21:28", "friends": [1], "name": "Kristina Jing Liu", "facebook_id": 12353}}, {"pk": 10, "model": "common.friends", "fields": {"image": "http://profile.ak.fbcdn.net/hprofile-ak-sf2p/hs267.snc3/23089_12604_9848_q.jpg", "last_update": "2010-04-26 15:21:28", "friends": [1], "name": "Helim Kathleen Chun", "facebook_id": 12604}}, {"pk": 11, "model": "common.friends", "fields": {"image": "http://profile.ak.fbcdn.net/v225/1423/53/q13344_3679.jpg", "last_update": "2010-04-26 15:21:28", "friends": [1], "name": "Ivan Nausieda", "facebook_id": 13344}}, {"pk": 12, "model": "common.friends", "fields": {"image": "http://profile.ak.fbcdn.net/v230/334/102/q15349_6962.jpg", "last_update": "2010-04-26 15:21:28", "friends": [1], "name": "Andrew Yu", "facebook_id": 15349}}, {"pk": 13, "model": "common.friends", "fields": {"image": "http://profile.ak.fbcdn.net/v225/515/37/q15784_9702.jpg", "last_update": "2010-04-26 15:21:28", "friends": [1], "name": "Helen Poldsam", "facebook_id": 15784}}, {"pk": 14, "model": "common.friends", "fields": {"image": "http://profile.ak.fbcdn.net/hprofile-ak-sf2p/hs301.ash1/23083_20358_7824_q.jpg", "last_update": "2010-04-26 15:21:28", "friends": [1], "name": "Grace Kim", "facebook_id": 20358}}, {"pk": 15, "model": "common.friends", "fields": {"image": "http://profile.ak.fbcdn.net/v225/1186/3/q20914_5314.jpg", "last_update": "2010-04-26 15:21:28", "friends": [1], "name": "Sena Lee", "facebook_id": 20914}}, {"pk": 16, "model": "common.friends", "fields": {"image": "http://profile.ak.fbcdn.net/hprofile-ak-sf2p/hs643.snc3/27378_21441_9584_q.jpg", "last_update": "2010-04-26 15:21:28", "friends": [1], "name": "Sandi Hussain", "facebook_id": 21441}}, {"pk": 17, "model": "common.friends", "fields": {"image": "http://profile.ak.fbcdn.net/hprofile-ak-sf2p/hs622.ash1/27368_22251_2148_q.jpg", "last_update": "2010-04-26 15:21:28", "friends": [1], "name": "Jeewoo Park", "facebook_id": 22251}}, {"pk": 18, "model": "common.friends", "fields": {"image": "http://profile.ak.fbcdn.net/hprofile-ak-sf2p/hs625.snc3/27430_22373_121_q.jpg", "last_update": "2010-04-26 15:21:28", "friends": [1], "name": "June Hwang", "facebook_id": 22373}}, {"pk": 19, "model": "common.friends", "fields": {"image": "http://profile.ak.fbcdn.net/hprofile-ak-sf2p/hs646.snc3/27441_23204_5551_q.jpg", "last_update": "2010-04-26 15:21:28", "friends": [1], "name": "Sorah Seong", "facebook_id": 23204}}, {"pk": 20, "model": "common.friends", "fields": {"image": "http://profile.ak.fbcdn.net/hprofile-ak-sf2p/hs302.ash1/23095_30370_7170_q.jpg", "last_update": "2010-04-26 15:21:28", "friends": [1], "name": "Eric Beck", "facebook_id": 30370}}, {"pk": 21, "model": "common.friends", "fields": {"image": "http://profile.ak.fbcdn.net/v22940/1177/29/q31033_1936.jpg", "last_update": "2010-04-26 15:21:29", "friends": [1], "name": "Chris An", "facebook_id": 31033}}, {"pk": 22, "model": "common.friends", "fields": {"image": "http://profile.ak.fbcdn.net/hprofile-ak-sf2p/hs627.snc3/27464_32367_2607_q.jpg", "last_update": "2010-04-26 15:21:29", "friends": [1], "name": "Xixi C.", "facebook_id": 32367}}, {"pk": 23, "model": "common.friends", "fields": {"image": "http://profile.ak.fbcdn.net/profile5/1943/19/q34873_1181.jpg", "last_update": "2010-04-26 15:21:29", "friends": [1], "name": "Fai Leong", "facebook_id": 34873}}, {"pk": 24, "model": "common.friends", "fields": {"image": "http://profile.ak.fbcdn.net/hprofile-ak-sf2p/hs623.snc3/27394_34917_344_q.jpg", "last_update": "2010-04-26 15:21:29", "friends": [1], "name": "John Leehong Kim", "facebook_id": 34917}}, {"pk": 25, "model": "common.friends", "fields": {"image": "http://profile.ak.fbcdn.net/hprofile-ak-sf2p/hs622.ash1/27373_103076_2640_q.jpg", "last_update": "2010-04-26 15:21:29", "friends": [1], "name": "Christina Chung", "facebook_id": 103076}}, {"pk": 26, "model": "common.friends", "fields": {"image": "http://profile.ak.fbcdn.net/v222/1103/109/q201942_9780.jpg", "last_update": "2010-04-26 15:21:29", "friends": [1], "name": "Tommy Leep", "facebook_id": 201942}}, {"pk": 27, "model": "common.friends", "fields": {"image": "http://profile.ak.fbcdn.net/v222/857/35/q203571_8809.jpg", "last_update": "2010-04-26 15:21:29", "friends": [1], "name": "Amit Garg", "facebook_id": 203571}}, {"pk": 28, "model": "common.friends", "fields": {"image": "http://profile.ak.fbcdn.net/v224/1674/43/q205903_4676.jpg", "last_update": "2010-04-26 15:21:29", "friends": [1], "name": "Taemie Kim", "facebook_id": 205903}}, {"pk": 29, "model": "common.friends", "fields": {"image": "http://profile.ak.fbcdn.net/v22940/760/73/q211333_3424.jpg", "last_update": "2010-04-26 15:21:29", "friends": [1], "name": "Rebeca Hwang", "facebook_id": 211333}}, {"pk": 30, "model": "common.friends", "fields": {"image": "http://profile.ak.fbcdn.net/v222/689/109/q215531_6579.jpg", "last_update": "2010-04-26 15:21:29", "friends": [1], "name": "Marshall Yuan", "facebook_id": 215531}}, {"pk": 31, "model": "common.friends", "fields": {"image": "http://profile.ak.fbcdn.net/v22940/1322/9/q218023_6498.jpg", "last_update": "2010-04-26 15:21:29", "friends": [1], "name": "Aleksandra Korolova", "facebook_id": 218023}}, {"pk": 32, "model": "common.friends", "fields": {"image": "http://profile.ak.fbcdn.net/profile3/825/50/q219358_34886.jpg", "last_update": "2010-04-26 15:21:29", "friends": [1], "name": "Daniel Ramage", "facebook_id": 219358}}, {"pk": 33, "model": "common.friends", "fields": {"image": "http://profile.ak.fbcdn.net/profile5/435/101/q223274_2858.jpg", "last_update": "2010-04-26 15:21:29", "friends": [1], "name": "Young Beom Kim", "facebook_id": 223274}}, {"pk": 34, "model": "common.friends", "fields": {"image": "http://profile.ak.fbcdn.net/hprofile-ak-sf2p/hs625.snc3/27430_303313_3615_q.jpg", "last_update": "2010-04-26 15:21:29", "friends": [1], "name": "Mary Jane Yoon", "facebook_id": 303313}}, {"pk": 35, "model": "common.friends", "fields": {"image": "http://profile.ak.fbcdn.net/hprofile-ak-sf2p/hs269.snc3/23128_304783_2115_q.jpg", "last_update": "2010-04-26 15:21:29", "friends": [1], "name": "Jee Lee", "facebook_id": 304783}}, {"pk": 36, "model": "common.friends", "fields": {"image": "http://profile.ak.fbcdn.net/v22940/1655/52/q304939_1380.jpg", "last_update": "2010-04-26 15:21:29", "friends": [1], "name": "Martha Legocki", "facebook_id": 304939}}, {"pk": 37, "model": "common.friends", "fields": {"image": "http://profile.ak.fbcdn.net/hprofile-ak-sf2p/hs622.snc3/27372_410075_1091_q.jpg", "last_update": "2010-04-26 15:21:29", "friends": [1], "name": "Seong Kang", "facebook_id": 410075}}, {"pk": 38, "model": "common.friends", "fields": {"image": "http://profile.ak.fbcdn.net/hprofile-ak-sf2p/hs308.ash1/23219_412434_3668_q.jpg", "last_update": "2010-04-26 15:21:29", "friends": [1], "name": "Kara Sadlik", "facebook_id": 412434}}, {"pk": 39, "model": "common.friends", "fields": {"image": "http://profile.ak.fbcdn.net/v22940/729/23/q413137_8721.jpg", "last_update": "2010-04-26 15:21:29", "friends": [1], "name": "Aram Heo", "facebook_id": 413137}}, {"pk": 40, "model": "common.friends", "fields": {"image": "http://profile.ak.fbcdn.net/hprofile-ak-sf2p/hs629.ash1/27490_413993_648_q.jpg", "last_update": "2010-04-26 15:21:29", "friends": [1], "name": "Jennifer Kim", "facebook_id": 413993}}, {"pk": 41, "model": "common.friends", "fields": {"image": null, "last_update": "2010-04-26 15:21:29", "friends": [1], "name": "Chris Taeyoung Chung", "facebook_id": 422179}}, {"pk": 42, "model": "common.friends", "fields": {"image": "http://profile.ak.fbcdn.net/v228/52/55/q422227_4997.jpg", "last_update": "2010-04-26 15:21:29", "friends": [1], "name": "Minsong Kim", "facebook_id": 422227}}, {"pk": 43, "model": "common.friends", "fields": {"image": "http://profile.ak.fbcdn.net/v222/1523/17/q422421_8275.jpg", "last_update": "2010-04-26 15:21:29", "friends": [1], "name": "Christine Song", "facebook_id": 422421}}, {"pk": 44, "model": "common.friends", "fields": {"image": "http://profile.ak.fbcdn.net/hprofile-ak-sf2p/hs629.snc3/27478_425461_461_q.jpg", "last_update": "2010-04-26 15:21:29", "friends": [1], "name": "Soomin Jasmin Cho", "facebook_id": 425461}}, {"pk": 45, "model": "common.friends", "fields": {"image": "http://profile.ak.fbcdn.net/v228/1533/28/q429717_590.jpg", "last_update": "2010-04-26 15:21:30", "friends": [1], "name": "Peter Kwon", "facebook_id": 429717}}, {"pk": 46, "model": "common.friends", "fields": {"image": null, "last_update": "2010-04-26 15:21:30", "friends": [1], "name": "Hyun Yi", "facebook_id": 431157}}, {"pk": 47, "model": "common.friends", "fields": {"image": "http://profile.ak.fbcdn.net/hprofile-ak-sf2p/hs621.snc3/27337_600220_8252_q.jpg", "last_update": "2010-04-26 15:21:30", "friends": [1], "name": "Edy Yang", "facebook_id": 600220}}, {"pk": 48, "model": "common.friends", "fields": {"image": "http://profile.ak.fbcdn.net/v22939/430/78/q700524_4170.jpg", "last_update": "2010-04-26 15:21:30", "friends": [1], "name": "Benji Sterling", "facebook_id": 700524}}, {"pk": 49, "model": "common.friends", "fields": {"image": "http://profile.ak.fbcdn.net/hprofile-ak-sf2p/hs644.snc3/27403_700526_9132_q.jpg", "last_update": "2010-04-26 15:21:30", "friends": [1], "name": "Laura Kim", "facebook_id": 700526}}, {"pk": 50, "model": "common.friends", "fields": {"image": "http://profile.ak.fbcdn.net/profile2/1075/102/q700560_24926.jpg", "last_update": "2010-04-26 15:21:30", "friends": [1], "name": "Muyiwa Oni", "facebook_id": 700560}}, {"pk": 51, "model": "common.friends", "fields": {"image": "http://profile.ak.fbcdn.net/v22944/1732/59/q700571_3670.jpg", "last_update": "2010-04-26 15:21:30", "friends": [1], "name": "Seong-Min Kim", "facebook_id": 700571}}, {"pk": 1, "model": "common.location", "fields": {"description": "For those places that are unknown", "type": 0, "longitude": 37.0625, "name": "Unknown Location", "phone": "", "address": "", "latitude": -95.677068000000006, "banner": "http://mealtime.mit.edu/media/techcash/restaurant_banner.png", "icon": "http://mealtime.mit.edu/media/techcash/default_icon.png"}}, {"pk": 1, "model": "finance.spendingcategory", "fields": {"name": "None"}}, {"pk": 2, "model": "finance.spendingcategory", "fields": {"name": "Food"}}, {"pk": 3, "model": "finance.spendingcategory", "fields": {"name": "Entertainment"}}, {"pk": 4, "model": "finance.spendingcategory", "fields": {"name": "Transportation"}}, {"pk": 5, "model": "finance.spendingcategory", "fields": {"name": "Drinks"}}, {"pk": 6, "model": "finance.spendingcategory", "fields": {"name": "Coffee"}}, {"pk": 7, "model": "finance.spendingcategory", "fields": {"name": "Fashion"}}, {"pk": 8, "model": "finance.spendingcategory", "fields": {"name": "Utilities"}}, {"pk": 9, "model": "finance.spendingcategory", "fields": {"name": "Toys"}}, {"pk": 1, "model": "finance.wesabeaccount", "fields": {"balance": 1279.0899999999999, "guid": "544200825a686d89b6e7402275c70ce20c3b2f250127879517d36240598e205c", "user": 2, "name": "Bank of America"}}, {"pk": 2, "model": "finance.wesabeaccount", "fields": {"balance": 0.0, "guid": "c7f6ca76d703f719191095a542e066a94b6a508c1205a3a292b21de8028942ef", "user": 2, "name": "Bank of America"}}, {"pk": 3, "model": "finance.wesabeaccount", "fields": {"balance": 28.969999999999999, "guid": "09baeb26b4547bec53593ec5aefd408284fcdfa032190149a4e836a36f1e2129", "user": 2, "name": "Bank of America"}}, {"pk": 4, "model": "finance.wesabeaccount", "fields": {"balance": -129.91, "guid": "1774ee2462a0da4895672a16a4d74a5da2bffeff230195ccfbdfdfe44db6f40f", "user": 2, "name": "Citi Cards"}}, {"pk": 5, "model": "finance.wesabeaccount", "fields": {"balance": -729.11000000000001, "guid": "dcbe38ab557ca9a7589e47ce50cb91ca33b635709566afdb89baed43f6ab6462", "user": 2, "name": "Citi Cards"}}, {"pk": 1, "model": "finance.country", "fields": {"iana_code": "us", "name": "USA"}}, {"pk": 1, "model": "finance.region", "fields": {"abbrv": "MA", "country": 1, "name": "Massachusetts"}}, {"pk": 1, "model": "finance.postalcode", "fields": {"city": "Cambridge", "ext": null, "code": "02139", "region": 1}}, {"pk": 1, "model": "finance.wesabelocation", "fields": {"wesabe_id": null, "name": "Unknown", "address1": null, "address2": null, "longitude": -71.094074000000006, "phone": "", "postal_code": 1, "type": 0, "latitude": 42.373193000000001, "icon": "", "banner": "", "description": ""}}, {"pk": 2, "model": "finance.wesabelocation", "fields": {"wesabe_id": 3573, "name": "ATM Withdrawal", "address1": null, "address2": null, "longitude": -71.094074000000006, "phone": "", "postal_code": 1, "type": 0, "latitude": 42.373193000000001, "icon": "", "banner": "", "description": ""}}, {"pk": 3, "model": "finance.wesabelocation", "fields": {"wesabe_id": 3524, "name": "Atm Withdrawl", "address1": null, "address2": null, "longitude": -71.094074000000006, "phone": "", "postal_code": 1, "type": 0, "latitude": 42.373193000000001, "icon": "", "banner": "", "description": ""}}, {"pk": 4, "model": "finance.wesabelocation", "fields": {"wesabe_id": 16667, "name": "Caltrain", "address1": null, "address2": null, "longitude": -71.094074000000006, "phone": "", "postal_code": 1, "type": 0, "latitude": 42.373193000000001, "icon": "", "banner": "", "description": ""}}, {"pk": 5, "model": "finance.wesabelocation", "fields": {"wesabe_id": 42479, "name": "Ti Couz", "address1": null, "address2": null, "longitude": -71.094074000000006, "phone": "", "postal_code": 1, "type": 0, "latitude": 42.373193000000001, "icon": "", "banner": "", "description": ""}}, {"pk": 6, "model": "finance.wesabelocation", "fields": {"wesabe_id": 3028, "name": "Finance Charge", "address1": null, "address2": null, "longitude": -71.094074000000006, "phone": "", "postal_code": 1, "type": 0, "latitude": 42.373193000000001, "icon": "", "banner": "", "description": ""}}, {"pk": 7, "model": "finance.wesabelocation", "fields": {"wesabe_id": 6621, "name": "Exxonmobil", "address1": null, "address2": null, "longitude": -71.094074000000006, "phone": "", "postal_code": 1, "type": 0, "latitude": 42.373193000000001, "icon": "", "banner": "", "description": ""}}, {"pk": 8, "model": "finance.wesabelocation", "fields": {"wesabe_id": 241536, "name": "Hostway", "address1": null, "address2": null, "longitude": -71.094074000000006, "phone": "", "postal_code": 1, "type": 0, "latitude": 42.373193000000001, "icon": "", "banner": "", "description": ""}}, {"pk": 9, "model": "finance.wesabelocation", "fields": {"wesabe_id": 4960, "name": "Credit Card Payment", "address1": null, "address2": null, "longitude": -71.094074000000006, "phone": "", "postal_code": 1, "type": 0, "latitude": 42.373193000000001, "icon": "", "banner": "", "description": ""}}, {"pk": 10, "model": "finance.wesabelocation", "fields": {"wesabe_id": 3014, "name": "Amazon.com", "address1": null, "address2": null, "longitude": -71.094074000000006, "phone": "", "postal_code": 1, "type": 0, "latitude": 42.373193000000001, "icon": "", "banner": "", "description": ""}}, {"pk": 11, "model": "finance.wesabelocation", "fields": {"wesabe_id": 22795, "name": "Cosi", "address1": null, "address2": null, "longitude": -71.094074000000006, "phone": "", "postal_code": 1, "type": 0, "latitude": 42.373193000000001, "icon": "", "banner": "", "description": ""}}, {"pk": 1, "model": "finance.memo", "fields": {"txt": "SUNNY'S DINER 02/09 CARD #8321 PURCHASE #24301330040118000126960 CAMBRIDGE, MA", "location": 1}}, {"pk": 2, "model": "finance.memo", "fields": {"txt": "ebill epayment DES:MIT TUTION ID:715542 INDN:Kwan Hong Lee CO ID:1364199567 WEB REF:00014472334112110825001004100984725510021127", "location": 1}}, {"pk": 3, "model": "finance.memo", "fields": {"txt": "KEEP THE CHANGE TRANSFER TO ACCT 1187 FOR 02/16/10", "location": 1}}, {"pk": 4, "model": "finance.memo", "fields": {"txt": "FORBES CAFE 30046064 02/12 CARD #8321 PURCHASE #24164070044235351447599 CAMBRIDGE, MA", "location": 1}}, {"pk": 5, "model": "finance.memo", "fields": {"txt": "ATM Withdrawal", "location": 2}}, {"pk": 6, "model": "finance.memo", "fields": {"txt": " GRILL, LLC 02/12 CARD #8321 PURCHASE #24765010044206000460068 SOMERVILLE, MA", "location": 1}}, {"pk": 7, "model": "finance.memo", "fields": {"txt": "KEEP THE CHANGE TRANSFER TO ACCT 1187 FOR 02/22/10", "location": 1}}, {"pk": 8, "model": "finance.memo", "fields": {"txt": "ARAMARK REFRESHER COURS 02/19 CARD #8321 PURCHASE #24755420050150509002217 CAMBRIDGE, MA", "location": 1}}, {"pk": 9, "model": "finance.memo", "fields": {"txt": "KEEP THE CHANGE TRANSFER TO ACCT 1187 FOR 02/26/10", "location": 1}}, {"pk": 10, "model": "finance.memo", "fields": {"txt": "DAMONS RESTAURANT AT KE 02/25 CARD #8321 PURCHASE #24301330056118000100305 CAMBRIDGE, MA", "location": 1}}, {"pk": 11, "model": "finance.memo", "fields": {"txt": "KEEP THE CHANGE TRANSFER TO ACCT 1187 FOR 03/01/10", "location": 1}}, {"pk": 12, "model": "finance.memo", "fields": {"txt": "BEJING TOKYO 02/26 CARD #8321 PURCHASE #24761970057275668010948 CAMBRIDGE, MA", "location": 1}}, {"pk": 13, "model": "finance.memo", "fields": {"txt": "KEEP THE CHANGE TRANSFER TO ACCT 1187 FOR 03/10/10", "location": 1}}, {"pk": 14, "model": "finance.memo", "fields": {"txt": "PHO PASTEUR 03/09 CARD #8321 PURCHASE #24231680069200000001143 BOSTON, MA", "location": 1}}, {"pk": 15, "model": "finance.memo", "fields": {"txt": "BKOFAMERICA ATM DEPOSIT 03-21 #003357 CUSTOMER 8321 BANK OF AMERICA, CAMBRIDGE, MA", "location": 1}}, {"pk": 16, "model": "finance.memo", "fields": {"txt": "BKOFAMERICA ATM DEPOSIT 03-23 #009514 CUSTOMER 8321 BANK OF AMERICA, CAMBRIDGE, MA", "location": 1}}, {"pk": 17, "model": "finance.memo", "fields": {"txt": "KEEP THE CHANGE TRANSFER TO ACCT 1187 FOR 03/23/10", "location": 1}}, {"pk": 18, "model": "finance.memo", "fields": {"txt": "DAMON'S 03/22 CARD #8321 PURCHASE #24071050081158187436164 CAMBRIDGE, MA", "location": 1}}, {"pk": 19, "model": "finance.memo", "fields": {"txt": "DAMON'S 03/22 CARD #8321 PURCHASE #24071050081158187436156 CAMBRIDGE, MA", "location": 1}}, {"pk": 20, "model": "finance.memo", "fields": {"txt": "BKOFAMERICA ATM DEPOSIT 03-24 #005470 CUSTOMER 8321 BANK OF AMERICA, CAMBRIDGE, MA", "location": 1}}, {"pk": 21, "model": "finance.memo", "fields": {"txt": "KEEP THE CHANGE TRANSFER TO ACCT 1187 FOR 03/29/10", "location": 1}}, {"pk": 22, "model": "finance.memo", "fields": {"txt": "KRUNG SIAM THAI 03/25 CARD #8321 PURCHASE #24431050085206232600218 MOUNTAIN VIEW, CA", "location": 1}}, {"pk": 23, "model": "finance.memo", "fields": {"txt": "Atm Withdrawl", "location": 3}}, {"pk": 24, "model": "finance.memo", "fields": {"txt": "Caltrain", "location": 4}}, {"pk": 25, "model": "finance.memo", "fields": {"txt": "Caltrain", "location": 4}}, {"pk": 26, "model": "finance.memo", "fields": {"txt": "KEEP THE CHANGE TRANSFER TO ACCT 1187 FOR 03/30/10", "location": 1}}, {"pk": 27, "model": "finance.memo", "fields": {"txt": "WALZWERK 03/28 CARD #8321 PURCHASE #24013390088016457446103 SAN FRANCISCO, CA", "location": 1}}, {"pk": 28, "model": "finance.memo", "fields": {"txt": "DAMON'S 03/29 CARD #8321 PURCHASE #24071050088158137158150 CAMBRIDGE, MA", "location": 1}}, {"pk": 29, "model": "finance.memo", "fields": {"txt": "KEEP THE CHANGE TRANSFER TO ACCT 1187 FOR 03/31/10", "location": 1}}, {"pk": 30, "model": "finance.memo", "fields": {"txt": "Ti Couz", "location": 5}}, {"pk": 31, "model": "finance.memo", "fields": {"txt": "MA BANKING CENTER PAYMENT", "location": 1}}, {"pk": 32, "model": "finance.memo", "fields": {"txt": "GREAT FUN 26600652", "location": 1}}, {"pk": 33, "model": "finance.memo", "fields": {"txt": "GREAT FUN 26600652", "location": 1}}, {"pk": 34, "model": "finance.memo", "fields": {"txt": "Finance Charge", "location": 6}}, {"pk": 35, "model": "finance.memo", "fields": {"txt": "BUSINESSSUPPLY.COM 919-459-8226", "location": 1}}, {"pk": 36, "model": "finance.memo", "fields": {"txt": "MA BANKING CENTER PAYMENT", "location": 1}}, {"pk": 37, "model": "finance.memo", "fields": {"txt": "KEEP THE CHANGE CREDIT FROM ACCT 3341 FOR 08/03/09", "location": 1}}, {"pk": 38, "model": "finance.memo", "fields": {"txt": "KEEP THE CHANGE CREDIT FROM ACCT 3341 FOR 08/10/09", "location": 1}}, {"pk": 39, "model": "finance.memo", "fields": {"txt": "KEEP THE CHANGE CREDIT FROM ACCT 3341 FOR 08/11/09", "location": 1}}, {"pk": 40, "model": "finance.memo", "fields": {"txt": "KEEP THE CHANGE CREDIT FROM ACCT 3341 FOR 08/12/09", "location": 1}}, {"pk": 41, "model": "finance.memo", "fields": {"txt": "KEEP THE CHANGE CREDIT FROM ACCT 3341 FOR 08/14/09", "location": 1}}, {"pk": 42, "model": "finance.memo", "fields": {"txt": "KEEP THE CHANGE CREDIT FROM ACCT 3341 FOR 08/17/09", "location": 1}}, {"pk": 43, "model": "finance.memo", "fields": {"txt": "KEEP THE CHANGE CREDIT FROM ACCT 3341 FOR 08/24/09", "location": 1}}, {"pk": 44, "model": "finance.memo", "fields": {"txt": "KEEP THE CHANGE CREDIT FROM ACCT 3341 FOR 08/27/09", "location": 1}}, {"pk": 45, "model": "finance.memo", "fields": {"txt": "KEEP THE CHANGE CREDIT FROM ACCT 3341 FOR 08/31/09", "location": 1}}, {"pk": 46, "model": "finance.memo", "fields": {"txt": "KEEP THE CHANGE CREDIT FROM ACCT 3341 FOR 09/03/09", "location": 1}}, {"pk": 47, "model": "finance.memo", "fields": {"txt": "KEEP THE CHANGE CREDIT FROM ACCT 3341 FOR 09/08/09", "location": 1}}, {"pk": 48, "model": "finance.memo", "fields": {"txt": "KEEP THE CHANGE CREDIT FROM ACCT 3341 FOR 09/09/09", "location": 1}}, {"pk": 49, "model": "finance.memo", "fields": {"txt": "KEEP THE CHANGE CREDIT FROM ACCT 3341 FOR 09/10/09", "location": 1}}, {"pk": 50, "model": "finance.memo", "fields": {"txt": "KEEP THE CHANGE CREDIT FROM ACCT 3341 FOR 09/11/09", "location": 1}}, {"pk": 51, "model": "finance.memo", "fields": {"txt": "KEEP THE CHANGE CREDIT FROM ACCT 3341 FOR 09/15/09", "location": 1}}, {"pk": 52, "model": "finance.memo", "fields": {"txt": "KEEP THE CHANGE CREDIT FROM ACCT 3341 FOR 09/22/09", "location": 1}}, {"pk": 53, "model": "finance.memo", "fields": {"txt": "KEEP THE CHANGE CREDIT FROM ACCT 3341 FOR 09/28/09", "location": 1}}, {"pk": 54, "model": "finance.memo", "fields": {"txt": "KEEP THE CHANGE CREDIT FROM ACCT 3341 FOR 09/29/09", "location": 1}}, {"pk": 55, "model": "finance.memo", "fields": {"txt": "KEEP THE CHANGE CREDIT FROM ACCT 3341 FOR 09/30/09", "location": 1}}, {"pk": 56, "model": "finance.memo", "fields": {"txt": "KEEP THE CHANGE CREDIT FROM ACCT 3341 FOR 10/02/09", "location": 1}}, {"pk": 57, "model": "finance.memo", "fields": {"txt": "KEEP THE CHANGE CREDIT FROM ACCT 3341 FOR 10/05/09", "location": 1}}, {"pk": 58, "model": "finance.memo", "fields": {"txt": "KEEP THE CHANGE CREDIT FROM ACCT 3341 FOR 10/14/09", "location": 1}}, {"pk": 59, "model": "finance.memo", "fields": {"txt": "KEEP THE CHANGE CREDIT FROM ACCT 3341 FOR 11/09/09", "location": 1}}, {"pk": 60, "model": "finance.memo", "fields": {"txt": "KEEP THE CHANGE CREDIT FROM ACCT 3341 FOR 11/16/09", "location": 1}}, {"pk": 61, "model": "finance.memo", "fields": {"txt": "KEEP THE CHANGE CREDIT FROM ACCT 3341 FOR 11/23/09", "location": 1}}, {"pk": 62, "model": "finance.memo", "fields": {"txt": "KEEP THE CHANGE CREDIT FROM ACCT 3341 FOR 11/24/09", "location": 1}}, {"pk": 63, "model": "finance.memo", "fields": {"txt": "KEEP THE CHANGE CREDIT FROM ACCT 3341 FOR 11/30/09", "location": 1}}, {"pk": 64, "model": "finance.memo", "fields": {"txt": "KEEP THE CHANGE CREDIT FROM ACCT 3341 FOR 12/01/09", "location": 1}}, {"pk": 65, "model": "finance.memo", "fields": {"txt": "KEEP THE CHANGE CREDIT FROM ACCT 3341 FOR 12/02/09", "location": 1}}, {"pk": 66, "model": "finance.memo", "fields": {"txt": "KEEP THE CHANGE CREDIT FROM ACCT 3341 FOR 12/04/09", "location": 1}}, {"pk": 67, "model": "finance.memo", "fields": {"txt": "NASHOBA VALLEY SKI ARE WESTFORD", "location": 1}}, {"pk": 68, "model": "finance.memo", "fields": {"txt": "COLONIAL INN CONCORD", "location": 1}}, {"pk": 70, "model": "finance.memo", "fields": {"txt": "#07589 STAR MARKET 000 CAMBRIDGE", "location": 1}}, {"pk": 71, "model": "finance.memo", "fields": {"txt": "AVIS RENT A CAR CAMBRIDGE", "location": 1}}, {"pk": 72, "model": "finance.memo", "fields": {"txt": "Hostway", "location": 8}}, {"pk": 73, "model": "finance.memo", "fields": {"txt": "Hostway", "location": 8}}, {"pk": 74, "model": "finance.memo", "fields": {"txt": "RESTAURANT COM INC RES ARLINGTON", "location": 1}}, {"pk": 75, "model": "finance.memo", "fields": {"txt": "SAMURAI BOSTON 8000000 BOSTON", "location": 1}}, {"pk": 76, "model": "finance.memo", "fields": {"txt": "SHABU ZEN REST 6500000 BOSTON", "location": 1}}, {"pk": 77, "model": "finance.memo", "fields": {"txt": "Hostway", "location": 8}}, {"pk": 78, "model": "finance.memo", "fields": {"txt": "Hostway", "location": 8}}, {"pk": 79, "model": "finance.memo", "fields": {"txt": "Hostway", "location": 8}}, {"pk": 80, "model": "finance.memo", "fields": {"txt": "RESTAURANT COM INC RES ARLINGTON", "location": 1}}, {"pk": 81, "model": "finance.memo", "fields": {"txt": "ATTM*879517516NBI 3280 ALPHARETT", "location": 1}}, {"pk": 82, "model": "finance.memo", "fields": {"txt": "Hostway", "location": 8}}, {"pk": 83, "model": "finance.memo", "fields": {"txt": "Hostway", "location": 8}}, {"pk": 84, "model": "finance.memo", "fields": {"txt": "Credit Card Payment", "location": 9}}, {"pk": 85, "model": "finance.memo", "fields": {"txt": "Amazon.com", "location": 10}}, {"pk": 86, "model": "finance.memo", "fields": {"txt": "Hostway", "location": 8}}, {"pk": 87, "model": "finance.memo", "fields": {"txt": "Credit Card Payment", "location": 9}}, {"pk": 88, "model": "finance.memo", "fields": {"txt": "ATTM*879517516NBI 3280 ALPHARETT", "location": 1}}, {"pk": 89, "model": "finance.memo", "fields": {"txt": "Credit Card Payment", "location": 9}}, {"pk": 90, "model": "finance.memo", "fields": {"txt": "Hostway", "location": 8}}, {"pk": 91, "model": "finance.memo", "fields": {"txt": "Hostway", "location": 8}}, {"pk": 92, "model": "finance.memo", "fields": {"txt": "Hostway", "location": 8}}, {"pk": 93, "model": "finance.memo", "fields": {"txt": "Hostway", "location": 8}}, {"pk": 94, "model": "finance.memo", "fields": {"txt": "Hostway", "location": 8}}, {"pk": 95, "model": "finance.memo", "fields": {"txt": "Hostway", "location": 8}}, {"pk": 96, "model": "finance.memo", "fields": {"txt": "ATTM*879517516NBI 3280 ALPHARETT", "location": 1}}, {"pk": 97, "model": "finance.memo", "fields": {"txt": "THIRD FLOOR CAFE 00-08 MANHATTAN", "location": 1}}, {"pk": 98, "model": "finance.memo", "fields": {"txt": "DUANE READE #0524 Q04 NEW YORK", "location": 1}}, {"pk": 99, "model": "finance.memo", "fields": {"txt": "KAKABOKA 8788270052970 NY", "location": 1}}, {"pk": 100, "model": "finance.memo", "fields": {"txt": "MARRIOTT 337H4CAMBRG B CAMBRIDGE", "location": 1}}, {"pk": 101, "model": "finance.memo", "fields": {"txt": "The Liberty Hotel F/B Boston", "location": 1}}, {"pk": 102, "model": "finance.memo", "fields": {"txt": "Credit Card Payment", "location": 9}}, {"pk": 103, "model": "finance.memo", "fields": {"txt": "DUNKIN #344044 Q35 CAMBRIDGE", "location": 1}}, {"pk": 104, "model": "finance.memo", "fields": {"txt": "H MART BURLINGTON 0000 BURLINGTO", "location": 1}}, {"pk": 105, "model": "finance.memo", "fields": {"txt": "DUNKIN #344044 Q35 CAMBRIDGE", "location": 1}}, {"pk": 106, "model": "finance.memo", "fields": {"txt": "Cosi", "location": 11}}, {"pk": 107, "model": "finance.memo", "fields": {"txt": "KING AND I, INC BOSTON", "location": 1}}, {"pk": 108, "model": "finance.memo", "fields": {"txt": "SUBWAY CHARLES MGH 000 BOSTON", "location": 1}}, {"pk": 109, "model": "finance.memo", "fields": {"txt": "amp;RESOR BREWS", "location": 1}}, {"pk": 110, "model": "finance.memo", "fields": {"txt": "THE ELEPHANT WALK C 80 BOSTON", "location": 1}}, {"pk": 111, "model": "finance.memo", "fields": {"txt": "DUNKIN #308730 Q35 CAMBRIDGE", "location": 1}}, {"pk": 112, "model": "finance.memo", "fields": {"txt": "Cosi", "location": 11}}, {"pk": 113, "model": "finance.memo", "fields": {"txt": "DUNKIN #344044 Q35 CAMBRIDGE", "location": 1}}, {"pk": 114, "model": "finance.memo", "fields": {"txt": "TOUS LES JOURS 2673891 BURLINGTO", "location": 1}}, {"pk": 115, "model": "finance.memo", "fields": {"txt": "H MART BURLINGTON 0000 BURLINGTO", "location": 1}}, {"pk": 116, "model": "finance.memo", "fields": {"txt": "H MART BURLINGTON 0000 BURLINGTO", "location": 1}}, {"pk": 117, "model": "finance.memo", "fields": {"txt": "MARRIOTT 337H4CAMBRG B CAMBRIDGE", "location": 1}}, {"pk": 118, "model": "finance.memo", "fields": {"txt": "KOREAN GARDEN 87882701 ALLSTON", "location": 1}}, {"pk": 119, "model": "finance.memo", "fields": {"txt": "HARVARD BUSNSS SCHL 617-783-7", "location": 1}}, {"pk": 120, "model": "finance.memo", "fields": {"txt": "BART CONCOURSE H S QPS SAN FRANC", "location": 1}}, {"pk": 121, "model": "finance.memo", "fields": {"txt": "COUPA CAFE PALO ALTO", "location": 1}}, {"pk": 122, "model": "finance.memo", "fields": {"txt": "COUPA CAFE PALO ALTO", "location": 1}}, {"pk": 123, "model": "finance.memo", "fields": {"txt": "VERO RISORANTE 8788790 PALO ALTO", "location": 1}}, {"pk": 124, "model": "finance.memo", "fields": {"txt": "WALGREENS #5599 000005 SAN FRANC", "location": 1}}, {"pk": 125, "model": "finance.memo", "fields": {"txt": "amp; RESTAURANT SAN FR", "location": 1}}, {"pk": 126, "model": "finance.memo", "fields": {"txt": "MARRIOTT 337H4CAMBRG B CAMBRIDGE", "location": 1}}, {"pk": 69, "model": "finance.memo", "fields": {"txt": "Exxonmobil", "location": 3}}, {"pk": 1, "model": "finance.wesabetransaction", "fields": {"date": "2010-02-10 00:00:00", "account": 1, "guid": "6bfef396e017b711eb0a2c9851864249164885e18bcacae88b13ca3269794caf", "memo": 1, "amount": -12.199999999999999}}, {"pk": 2, "model": "finance.wesabetransaction", "fields": {"date": "2010-02-11 00:00:00", "account": 1, "guid": "6a7ef950c525afd559e6cc8d06ed846f7db64e6a638b7fdbb7cfe2a7ba4fe7a1", "memo": 2, "amount": -710.0}}, {"pk": 3, "model": "finance.wesabetransaction", "fields": {"date": "2010-02-16 00:00:00", "account": 1, "guid": "0f296d41c6c3af1083a6a3596d1ccb1bc8c83568a1c938c292923c4eb388b763", "memo": 3, "amount": -0.5}}, {"pk": 4, "model": "finance.wesabetransaction", "fields": {"date": "2010-02-16 00:00:00", "account": 1, "guid": "a03037552f1d231add0534c88a27f67fe95c1177d1289887e01cce44e2616432", "memo": 4, "amount": -6.5}}, {"pk": 5, "model": "finance.wesabetransaction", "fields": {"date": "2010-02-16 00:00:00", "account": 1, "guid": "d489d1a340f20f734ea9993bf421105f04281557da3d8fd9cddd53a4a97dde33", "memo": 5, "amount": -60.0}}, {"pk": 6, "model": "finance.wesabetransaction", "fields": {"date": "2010-02-16 00:00:00", "account": 1, "guid": "e627ca8235297e15f4010cf58a4fbe5d269848c4cfb941bc69d3091a43198cff", "memo": 6, "amount": -12.0}}, {"pk": 7, "model": "finance.wesabetransaction", "fields": {"date": "2010-02-22 00:00:00", "account": 1, "guid": "7e1279fa6db2f0e7b9cc57075e5c2d875e144e3a9a73f36ce4beeb561adf5805", "memo": 7, "amount": -0.050000000000000003}}, {"pk": 8, "model": "finance.wesabetransaction", "fields": {"date": "2010-02-22 00:00:00", "account": 1, "guid": "71aefb6bbffa8f9539b6decd11c45e190e950df9750b597dd0dc464af6fc6de7", "memo": 8, "amount": -8.9499999999999993}}, {"pk": 9, "model": "finance.wesabetransaction", "fields": {"date": "2010-02-26 00:00:00", "account": 1, "guid": "3821f9cc8d2d299517e34e3cfa20277c0a9b1750d3369ed7b4a905906a03b55b", "memo": 9, "amount": -0.93999999999999995}}, {"pk": 10, "model": "finance.wesabetransaction", "fields": {"date": "2010-02-26 00:00:00", "account": 1, "guid": "d8e0e85e4520b780f70bbfa8b11961360210914e7d963e40087ce296dba79cbd", "memo": 10, "amount": -8.0600000000000005}}, {"pk": 11, "model": "finance.wesabetransaction", "fields": {"date": "2010-03-01 00:00:00", "account": 1, "guid": "d263b9e892be6997b7e539c5ef4e7a372dc5eac8d29ece149c62f93ae3924b1f", "memo": 11, "amount": -0.91000000000000003}}, {"pk": 12, "model": "finance.wesabetransaction", "fields": {"date": "2010-03-01 00:00:00", "account": 1, "guid": "f1fe7d33336743a9ac9b605aea001af03835a5a9206e57771ae86662458d7673", "memo": 12, "amount": -6.0899999999999999}}, {"pk": 13, "model": "finance.wesabetransaction", "fields": {"date": "2010-03-10 00:00:00", "account": 1, "guid": "d6aa38776b0d95d74b0da66a3e58ecaf24454fc16ae5a08a80a06f1a946ceaa7", "memo": 13, "amount": -0.20000000000000001}}, {"pk": 14, "model": "finance.wesabetransaction", "fields": {"date": "2010-03-10 00:00:00", "account": 1, "guid": "e02b18fa0606d1d3f6d7270ddd839e3d3238b62e2669f3ce9260f1ca055b5067", "memo": 14, "amount": -21.800000000000001}}, {"pk": 15, "model": "finance.wesabetransaction", "fields": {"date": "2010-03-22 00:00:00", "account": 1, "guid": "277433049c47d25d1a479d261867f79d9e8eb04d2d9969a5f46d492cd92aa0f3", "memo": 15, "amount": 300.0}}, {"pk": 16, "model": "finance.wesabetransaction", "fields": {"date": "2010-03-23 00:00:00", "account": 1, "guid": "f3c7a42288ffdfae750fed2187c82cfdc42f9dcd6c477ab09e9de0a059399647", "memo": 16, "amount": 35.439999999999998}}, {"pk": 17, "model": "finance.wesabetransaction", "fields": {"date": "2010-03-23 00:00:00", "account": 1, "guid": "ed81776ac067eaa3a14546843e6b6df7c372cd455f2752826de2712ba3bb3f36", "memo": 17, "amount": -1.0900000000000001}}, {"pk": 18, "model": "finance.wesabetransaction", "fields": {"date": "2010-03-23 00:00:00", "account": 1, "guid": "29b37205aaeea1a37732a0e35610ffac4d3aab4166162a8def73533a1487174e", "memo": 18, "amount": -1.8500000000000001}}, {"pk": 19, "model": "finance.wesabetransaction", "fields": {"date": "2010-03-23 00:00:00", "account": 1, "guid": "a538b2df8a0180439ccb43fe2360678ac7c6c9fceeef004de5b9b96452b94ab0", "memo": 19, "amount": -8.0600000000000005}}, {"pk": 20, "model": "finance.wesabetransaction", "fields": {"date": "2010-03-24 00:00:00", "account": 1, "guid": "d18da176c35ba42e646e8cf2d48d28313f8e239871f80d8b24d9fec76dfc2b5f", "memo": 20, "amount": 500.0}}, {"pk": 21, "model": "finance.wesabetransaction", "fields": {"date": "2010-03-29 00:00:00", "account": 1, "guid": "2f23483f506290c02bf09d92025fee008b838da6485c5117ec1f302c683b9b20", "memo": 21, "amount": -0.75}}, {"pk": 22, "model": "finance.wesabetransaction", "fields": {"date": "2010-03-29 00:00:00", "account": 1, "guid": "797ff36a1aacedc5a8c44c141c76890dbb17db3ab693b0eebcbedc59c1990027", "memo": 22, "amount": -24.0}}, {"pk": 23, "model": "finance.wesabetransaction", "fields": {"date": "2010-03-29 00:00:00", "account": 1, "guid": "c9cf8d91c62d13373b22372e3587d3cee109fd1f94e2691076762afea10e2d3d", "memo": 23, "amount": -80.0}}, {"pk": 24, "model": "finance.wesabetransaction", "fields": {"date": "2010-03-29 00:00:00", "account": 1, "guid": "7bab7f15f8416505655bc3e63f4d1000b5907307080e1e91ca6e3d1e61189761", "memo": 24, "amount": -5.0}}, {"pk": 25, "model": "finance.wesabetransaction", "fields": {"date": "2010-03-29 00:00:00", "account": 1, "guid": "2718df81b7e9d6f263c831e6cf9d318bb667f38f3f665f213b728b518a2fdeba", "memo": 25, "amount": -4.25}}, {"pk": 26, "model": "finance.wesabetransaction", "fields": {"date": "2010-03-30 00:00:00", "account": 1, "guid": "c013746b4c4043880b51dc851c61f2c437322656dd98c2c27ee4e7143c237a21", "memo": 26, "amount": -0.02}}, {"pk": 27, "model": "finance.wesabetransaction", "fields": {"date": "2010-03-30 00:00:00", "account": 1, "guid": "3f35a3cbe9442f550646bd6ba181a121af93d31f506c76cba44755727935ad85", "memo": 27, "amount": -28.0}}, {"pk": 28, "model": "finance.wesabetransaction", "fields": {"date": "2010-03-30 00:00:00", "account": 1, "guid": "5aec31da1894c2f1b2d7e36f3dc1b08b1ee528da190fde85e523ee494afc6d4f", "memo": 28, "amount": -9.9800000000000004}}, {"pk": 29, "model": "finance.wesabetransaction", "fields": {"date": "2010-03-31 00:00:00", "account": 1, "guid": "8ea3dfe470267671f1a1f1e0f7db4af290d1b7f72d7c9fa3fc2cfee1e7545164", "memo": 29, "amount": -0.37}}, {"pk": 30, "model": "finance.wesabetransaction", "fields": {"date": "2010-03-31 00:00:00", "account": 1, "guid": "85d93cd431f15226ccd73b23149d6f394aea2bbaae1664c644b9afa011de0599", "memo": 30, "amount": -39.630000000000003}}, {"pk": 31, "model": "finance.wesabetransaction", "fields": {"date": "2008-12-03 00:00:00", "account": 2, "guid": "353312e9dd4625c265ab3ba9239c85b471f098b8882816bf481fcdb278849dc7", "memo": 31, "amount": 35.0}}, {"pk": 32, "model": "finance.wesabetransaction", "fields": {"date": "2008-12-13 00:00:00", "account": 2, "guid": "3cc93f72770e3b62b7add7848df0be5d49630c5d0764c59abcef2cd1c2267d01", "memo": 32, "amount": 11.99}}, {"pk": 33, "model": "finance.wesabetransaction", "fields": {"date": "2008-12-13 00:00:00", "account": 2, "guid": "1b95b4a40e5ada0ebf3a712a14a320d3fd291d84af7108308fd45c722747ceb4", "memo": 33, "amount": 11.99}}, {"pk": 34, "model": "finance.wesabetransaction", "fields": {"date": "2009-01-02 00:00:00", "account": 2, "guid": "6a709e2fdbcf8516c6e2f30fd98a597caf39ed63b6d588ea9770247adfaf58b0", "memo": 34, "amount": -0.040000000000000001}}, {"pk": 35, "model": "finance.wesabetransaction", "fields": {"date": "2009-03-05 00:00:00", "account": 2, "guid": "fe05f8b877d507a153fe01dba10bdc13f07cbd64c8c81d26b062b42f787614f1", "memo": 35, "amount": -53.990000000000002}}, {"pk": 36, "model": "finance.wesabetransaction", "fields": {"date": "2009-03-17 00:00:00", "account": 2, "guid": "c6e2b5c31b75c27387e7eebd52feed438aeaa82a35a27074fa9f7319ceeb2f21", "memo": 36, "amount": 41.460000000000001}}, {"pk": 37, "model": "finance.wesabetransaction", "fields": {"date": "2009-08-04 00:00:00", "account": 3, "guid": "0d01998cb4cc7edb68c738ccd008c94a23e1ab3151c712f1376268ca2e075c4e", "memo": 37, "amount": 0.46999999999999997}}, {"pk": 38, "model": "finance.wesabetransaction", "fields": {"date": "2009-08-11 00:00:00", "account": 3, "guid": "5abf6e5c9d9bac9fd9a63cf7873d0f2ce420c63ebaeef9affc5d5022b94dc2bc", "memo": 38, "amount": 5.4100000000000001}}, {"pk": 39, "model": "finance.wesabetransaction", "fields": {"date": "2009-08-12 00:00:00", "account": 3, "guid": "0d63fc80426cd82a01af5718fcde24bbb7231cd3ae508987b6eee1266c3c26b8", "memo": 39, "amount": 0.81000000000000005}}, {"pk": 40, "model": "finance.wesabetransaction", "fields": {"date": "2009-08-13 00:00:00", "account": 3, "guid": "2f748fb26f1f8170c571d61f0d6f59f21e7d2b2614c88607f5dce3146ff3e094", "memo": 40, "amount": 0.34999999999999998}}, {"pk": 41, "model": "finance.wesabetransaction", "fields": {"date": "2009-08-17 00:00:00", "account": 3, "guid": "3cf07c1da92311dbafccf8b3d50b87180911c9c5cb0524b5d7a474e998e3102f", "memo": 41, "amount": 0.44}}, {"pk": 42, "model": "finance.wesabetransaction", "fields": {"date": "2009-08-18 00:00:00", "account": 3, "guid": "0eda05696aae60e4dc65a884e98ab0f099de2d47ece78cf02dbe0a87fadee3fd", "memo": 42, "amount": 1.4299999999999999}}, {"pk": 43, "model": "finance.wesabetransaction", "fields": {"date": "2009-08-25 00:00:00", "account": 3, "guid": "8e325e6efcbff2edd89f693707f7ab7822751cc947312cb32287bd5bcfae1f14", "memo": 43, "amount": 0.44}}, {"pk": 44, "model": "finance.wesabetransaction", "fields": {"date": "2009-08-28 00:00:00", "account": 3, "guid": "9462b47c645b106b87071f8d85ea973d508fb4ec355acb5d294da3a82f5f281b", "memo": 44, "amount": 0.19}}, {"pk": 45, "model": "finance.wesabetransaction", "fields": {"date": "2009-09-01 00:00:00", "account": 3, "guid": "5cdef549359ee659754eb39319fcd2514034dc70f4f56b9fa5b004b28c434847", "memo": 45, "amount": 3.9100000000000001}}, {"pk": 46, "model": "finance.wesabetransaction", "fields": {"date": "2009-09-04 00:00:00", "account": 3, "guid": "c5a411096c164a6ed4e60d3b1bf136cd831f92beee5396b8aa1b8b514f6fc53f", "memo": 46, "amount": 0.14999999999999999}}, {"pk": 47, "model": "finance.wesabetransaction", "fields": {"date": "2009-09-09 00:00:00", "account": 3, "guid": "61d16090ae26c75822dc5fe139cca79801a51469b49717ea1d260e0c8003cc1f", "memo": 47, "amount": 1.1399999999999999}}, {"pk": 48, "model": "finance.wesabetransaction", "fields": {"date": "2009-09-10 00:00:00", "account": 3, "guid": "f4e5925156dcda9c4ff0ccd29f646bcbb5e435d5a87a156add09c8437a51d5d0", "memo": 48, "amount": 1.3700000000000001}}, {"pk": 49, "model": "finance.wesabetransaction", "fields": {"date": "2009-09-11 00:00:00", "account": 3, "guid": "fe3ea4e1fbace4f5ff22e9dd1682f0035246d64e7c707e867616ddf311efd803", "memo": 49, "amount": 0.17000000000000001}}, {"pk": 50, "model": "finance.wesabetransaction", "fields": {"date": "2009-09-14 00:00:00", "account": 3, "guid": "77d5713e105d65cadcada4a1d743084ee8567cf7525892f0922783fa2178203a", "memo": 50, "amount": 0.14999999999999999}}, {"pk": 51, "model": "finance.wesabetransaction", "fields": {"date": "2009-09-16 00:00:00", "account": 3, "guid": "c62c40146e0e206a682f89e4929cfddefede8a230d52d2bcfd18eed7d5e5a61f", "memo": 51, "amount": 0.85999999999999999}}, {"pk": 52, "model": "finance.wesabetransaction", "fields": {"date": "2009-09-23 00:00:00", "account": 3, "guid": "5feabb941dcc7e844565246d6ab47788c2991b33eef29c301470d822d4f917cc", "memo": 52, "amount": 0.14999999999999999}}, {"pk": 53, "model": "finance.wesabetransaction", "fields": {"date": "2009-09-29 00:00:00", "account": 3, "guid": "7607499a6827e2661ed53b68e1784f0b1abedee00dac457ce773ecec3dab1a7d", "memo": 53, "amount": 0.23000000000000001}}, {"pk": 54, "model": "finance.wesabetransaction", "fields": {"date": "2009-09-30 00:00:00", "account": 3, "guid": "284e8203bd8172f561457c08d80f6489c5bf6a38b006edb0c91920620a2a0dee", "memo": 54, "amount": 0.39000000000000001}}, {"pk": 55, "model": "finance.wesabetransaction", "fields": {"date": "2009-10-01 00:00:00", "account": 3, "guid": "375fb6fefce5a2aed8f0f50b6e3ea7496aec5da9992a305f13642efd8d8ce386", "memo": 55, "amount": 1.28}}, {"pk": 56, "model": "finance.wesabetransaction", "fields": {"date": "2009-10-05 00:00:00", "account": 3, "guid": "3add034d1f9d6c57d706a6fac90b0a44929344bc891fd820a280a359f0a4f1db", "memo": 56, "amount": 1.5900000000000001}}, {"pk": 57, "model": "finance.wesabetransaction", "fields": {"date": "2009-10-06 00:00:00", "account": 3, "guid": "bebdc016113a9fa15d8dc90ff179fdb956983ff924d1312a25617d06474b730b", "memo": 57, "amount": 0.10000000000000001}}, {"pk": 58, "model": "finance.wesabetransaction", "fields": {"date": "2009-10-15 00:00:00", "account": 3, "guid": "71e2639940e434c2c0f6f5af6b819345bfd71589d3de6f20a57879b44388fc7d", "memo": 58, "amount": 0.89000000000000001}}, {"pk": 59, "model": "finance.wesabetransaction", "fields": {"date": "2009-11-10 00:00:00", "account": 3, "guid": "cb60b58caa10fc2a81d6240636c165080b01e2f59fa450c8110ddfdf7f1e263a", "memo": 59, "amount": 0.20999999999999999}}, {"pk": 60, "model": "finance.wesabetransaction", "fields": {"date": "2009-11-17 00:00:00", "account": 3, "guid": "990e4ddc02a5093593b6f27345c7c456adfdd493b35c8d70af295bf799486822", "memo": 60, "amount": 0.050000000000000003}}, {"pk": 61, "model": "finance.wesabetransaction", "fields": {"date": "2009-11-24 00:00:00", "account": 3, "guid": "f1a89faf31ce7abd0a166b41aee17d47c465f0056e97e883ac5447067c420e8c", "memo": 61, "amount": 0.55000000000000004}}, {"pk": 62, "model": "finance.wesabetransaction", "fields": {"date": "2009-11-25 00:00:00", "account": 3, "guid": "55a91e5b5eea912c5015ed40aa42abe3c811d3ae09efb7d51d83a95a174839f5", "memo": 62, "amount": 0.57999999999999996}}, {"pk": 63, "model": "finance.wesabetransaction", "fields": {"date": "2009-12-01 00:00:00", "account": 3, "guid": "0a24093994f983e657f65fedeb897538dbbdf74d343360d81bda05a8b44880c1", "memo": 63, "amount": 0.34000000000000002}}, {"pk": 64, "model": "finance.wesabetransaction", "fields": {"date": "2009-12-02 00:00:00", "account": 3, "guid": "48d86ef27e5cae208a97cdfc7a70c406288b255b3703747e9690bfaee13e1ab6", "memo": 64, "amount": 0.79000000000000004}}, {"pk": 65, "model": "finance.wesabetransaction", "fields": {"date": "2009-12-03 00:00:00", "account": 3, "guid": "3c4b30614964ef7ec3b2afd4e6e8cc1d253ae783c72fc7d3d61399578cd85c36", "memo": 65, "amount": 0.81000000000000005}}, {"pk": 66, "model": "finance.wesabetransaction", "fields": {"date": "2009-12-07 00:00:00", "account": 3, "guid": "ef53dc35bf7ecde250b93736cab22e240ceaf33cb542b9602db659741fc73545", "memo": 66, "amount": 0.91000000000000003}}, {"pk": 67, "model": "finance.wesabetransaction", "fields": {"date": "2009-12-27 00:00:00", "account": 4, "guid": "49ce787a3001bfdb89f681a50a6deaa45ee4593158f9ac5ffb1bc5e3d932b581", "memo": 67, "amount": -50.0}}, {"pk": 68, "model": "finance.wesabetransaction", "fields": {"date": "2009-12-27 00:00:00", "account": 4, "guid": "26fbd8e7955c0bc646510fe4feba7808bf43141df772460fb091fe5671266d48", "memo": 68, "amount": -51.020000000000003}}, {"pk": 69, "model": "finance.wesabetransaction", "fields": {"date": "2009-12-28 00:00:00", "account": 4, "guid": "f6941da88faccd1e19f96e6b0148f3fdfb716d3cff99faa82586fa36bbcc9a1a", "memo": 69, "amount": -11.07}}, {"pk": 70, "model": "finance.wesabetransaction", "fields": {"date": "2009-12-28 00:00:00", "account": 4, "guid": "a5911d3a7cb266796a9916b04f77ae0dd4e84cd7e7423f6681d2963b79fa6f08", "memo": 70, "amount": -79.159999999999997}}, {"pk": 71, "model": "finance.wesabetransaction", "fields": {"date": "2009-12-28 00:00:00", "account": 4, "guid": "58633f72bd24ccbe4261e170fca4bc379820fbbde13cbd2c0c803732b000a5e7", "memo": 71, "amount": -55.109999999999999}}, {"pk": 72, "model": "finance.wesabetransaction", "fields": {"date": "2009-12-29 00:00:00", "account": 4, "guid": "d1e93e9321454f52f757cdc4242ac5c166104d8b09f44f48e09888861ed90f3a", "memo": 72, "amount": -7.9500000000000002}}, {"pk": 73, "model": "finance.wesabetransaction", "fields": {"date": "2009-12-29 00:00:00", "account": 4, "guid": "d275ab95826e283e76cbef066674e362c327e09d76ea61e710380731164dd9fa", "memo": 73, "amount": -7.9500000000000002}}, {"pk": 74, "model": "finance.wesabetransaction", "fields": {"date": "2009-12-30 00:00:00", "account": 4, "guid": "1af66a722cffd7cb008e3d41cc24dd47f5e4f51714cbf8fc34e83860a1fb6177", "memo": 74, "amount": -10.0}}, {"pk": 75, "model": "finance.wesabetransaction", "fields": {"date": "2010-01-01 00:00:00", "account": 4, "guid": "7af69328cf311a106e70bb229845dfc62c57325e1d8db70c657b7950a2f8f1c8", "memo": 75, "amount": -33.390000000000001}}, {"pk": 76, "model": "finance.wesabetransaction", "fields": {"date": "2010-01-01 00:00:00", "account": 4, "guid": "89ca3935515f2fc1889bd05664c852ce992d32077aa7c08eb47b2d572cffa265", "memo": 76, "amount": -80.400000000000006}}, {"pk": 77, "model": "finance.wesabetransaction", "fields": {"date": "2010-01-02 00:00:00", "account": 4, "guid": "ceda5a2a79689b7709ed4bf7de2eccb9cfbe246901285510f7deaee38f60d264", "memo": 77, "amount": -7.9500000000000002}}, {"pk": 78, "model": "finance.wesabetransaction", "fields": {"date": "2010-01-02 00:00:00", "account": 4, "guid": "753a909787e948daa37f1fa926e75369495e79c67b21c5569c6810aaef71baac", "memo": 78, "amount": -7.9500000000000002}}, {"pk": 79, "model": "finance.wesabetransaction", "fields": {"date": "2010-01-02 00:00:00", "account": 4, "guid": "152b1c1755a1d2ce2c046b415dcc6f6d103dff476c058b354c08923b71b9c5ca", "memo": 79, "amount": -15.9}}, {"pk": 80, "model": "finance.wesabetransaction", "fields": {"date": "2010-01-02 00:00:00", "account": 4, "guid": "b59ffe37b05bf6b1393451cc0dd5393bf2e1680066427c8ab583fcbcd1bab8c6", "memo": 80, "amount": -45.0}}, {"pk": 81, "model": "finance.wesabetransaction", "fields": {"date": "2010-01-02 00:00:00", "account": 4, "guid": "22c51a68ef9818c868ed5ddd83cea53dc5c7828e2e955e32342e58723fac6b6c", "memo": 81, "amount": -82.0}}, {"pk": 82, "model": "finance.wesabetransaction", "fields": {"date": "2010-01-06 00:00:00", "account": 4, "guid": "38e7be3b9f7ca60ea5cf4524583a5fc54e11dd176e3d197196e297d7134c8e69", "memo": 82, "amount": -7.9500000000000002}}, {"pk": 83, "model": "finance.wesabetransaction", "fields": {"date": "2010-01-06 00:00:00", "account": 4, "guid": "aa14b0d56f47336bc07873afd63949c65609c848f8d45dcd7297bc4edc3509b4", "memo": 83, "amount": -7.9500000000000002}}, {"pk": 84, "model": "finance.wesabetransaction", "fields": {"date": "2010-01-08 00:00:00", "account": 4, "guid": "30ba1a3639142f6c4003e351c8250d6ed70a99b2c843452765e147afa1e7020f", "memo": 84, "amount": 2610.27}}, {"pk": 85, "model": "finance.wesabetransaction", "fields": {"date": "2010-01-14 00:00:00", "account": 4, "guid": "1e4287b63b6c044a963a4f668e9c5a882a6a71f465dcebf95bad2cfc5d911d20", "memo": 85, "amount": -144.59999999999999}}, {"pk": 86, "model": "finance.wesabetransaction", "fields": {"date": "2010-01-21 00:00:00", "account": 4, "guid": "d003c99ddd45a74a1fd13ea0b2255a5520e5756d837c94f69a7df12cdbbebdb5", "memo": 86, "amount": -7.9500000000000002}}, {"pk": 87, "model": "finance.wesabetransaction", "fields": {"date": "2010-02-01 00:00:00", "account": 4, "guid": "dcec91a0eeeb762187f320ac7d271cafe3ddc2fc0a305ec37ed2f3735966a209", "memo": 87, "amount": 1272.45}}, {"pk": 88, "model": "finance.wesabetransaction", "fields": {"date": "2010-02-17 00:00:00", "account": 4, "guid": "f1d3b63b07def6f3cb4c35c21343ff6c25787b1c81adee4c676ff27f4a231f17", "memo": 88, "amount": -82.209999999999994}}, {"pk": 89, "model": "finance.wesabetransaction", "fields": {"date": "2010-03-05 00:00:00", "account": 4, "guid": "b6336ed34a6b6579dcde2bd896fa8a8ae7754efc66d0fd09fa7e4d045e04b7c9", "memo": 89, "amount": 82.209999999999994}}, {"pk": 90, "model": "finance.wesabetransaction", "fields": {"date": "2010-03-12 00:00:00", "account": 4, "guid": "7a90810601d6e5bf9e953f7fee90860deb16ca752463ec62b1ff9028b3b66d59", "memo": 90, "amount": -7.9500000000000002}}, {"pk": 91, "model": "finance.wesabetransaction", "fields": {"date": "2010-03-12 00:00:00", "account": 4, "guid": "27a5609a203ad85dcdb0a69fb6f752f805c87f70d65b854c9b208bb98d8488a5", "memo": 91, "amount": -7.9500000000000002}}, {"pk": 92, "model": "finance.wesabetransaction", "fields": {"date": "2010-03-12 00:00:00", "account": 4, "guid": "a6333e910ea537e907b25f15ba334dc40337b703a499658d99cfb44292f5c30e", "memo": 92, "amount": -7.9500000000000002}}, {"pk": 93, "model": "finance.wesabetransaction", "fields": {"date": "2010-03-12 00:00:00", "account": 4, "guid": "720d0ca56826ccb8aea0198bc0d24cbc8c123d9817e79c63b80d799f237463ca", "memo": 93, "amount": -7.9500000000000002}}, {"pk": 94, "model": "finance.wesabetransaction", "fields": {"date": "2010-03-12 00:00:00", "account": 4, "guid": "b282af544dad610a950658057ace735686aa13a6b6f8c5f53013456a8b8800c4", "memo": 94, "amount": -7.9500000000000002}}, {"pk": 95, "model": "finance.wesabetransaction", "fields": {"date": "2010-03-12 00:00:00", "account": 4, "guid": "373b894d092d24825ed590d147b10e7f913251681e1ca99f1526525e75a9d7cd", "memo": 95, "amount": -7.9500000000000002}}, {"pk": 96, "model": "finance.wesabetransaction", "fields": {"date": "2010-03-29 00:00:00", "account": 4, "guid": "eece4a4241d3ceffe59127a9244306b00f1e283913d83f9faa23a2ecac18ea39", "memo": 96, "amount": -82.209999999999994}}, {"pk": 97, "model": "finance.wesabetransaction", "fields": {"date": "2010-02-27 00:00:00", "account": 5, "guid": "d224e966fcbc1536fc0c8f3bf9ecd96beaf27cd11fc37aa5cf83a4e33e6ae544", "memo": 97, "amount": -41.200000000000003}}, {"pk": 98, "model": "finance.wesabetransaction", "fields": {"date": "2010-02-28 00:00:00", "account": 5, "guid": "93f6a1d35785f47665aae0cd1c4cee430a9596cdf62ea2ca8a5392fef6a8a206", "memo": 98, "amount": -3.29}}, {"pk": 99, "model": "finance.wesabetransaction", "fields": {"date": "2010-02-28 00:00:00", "account": 5, "guid": "ea1096e2ca726f04b00f91dcd2c2b1f011035e5ad99c132f46b936164222cb6c", "memo": 99, "amount": -48.799999999999997}}, {"pk": 100, "model": "finance.wesabetransaction", "fields": {"date": "2010-03-03 00:00:00", "account": 5, "guid": "0461ab66f5efd7dafdfacc9f150d86681f62ca934bdbee87a99e99bed42ac7f5", "memo": 100, "amount": -4.2800000000000002}}, {"pk": 101, "model": "finance.wesabetransaction", "fields": {"date": "2010-03-05 00:00:00", "account": 5, "guid": "377ceaa2a1feb4104d621760dd6fde319a6f8a057439768f60983348c6dec7dd", "memo": 101, "amount": -20.0}}, {"pk": 102, "model": "finance.wesabetransaction", "fields": {"date": "2010-03-05 00:00:00", "account": 5, "guid": "00e4599ca8a95e5216eb82a260119bde0e45a75271d6a395ce7238dbb148c6fe", "memo": 102, "amount": 217.16999999999999}}, {"pk": 103, "model": "finance.wesabetransaction", "fields": {"date": "2010-03-07 00:00:00", "account": 5, "guid": "47c75706a3bb077e22b704e4265c9bc74b29d842a588ad1d4ef86e7d271fc8d2", "memo": 103, "amount": -0.10000000000000001}}, {"pk": 104, "model": "finance.wesabetransaction", "fields": {"date": "2010-03-07 00:00:00", "account": 5, "guid": "23e3c06e16ece7b8f36059ff2639fd1d4fd4b9ea7d8a3ab6d7cf135edc96e657", "memo": 104, "amount": -165.15000000000001}}, {"pk": 105, "model": "finance.wesabetransaction", "fields": {"date": "2010-03-07 00:00:00", "account": 5, "guid": "76618345254aaab9698df26343920fa396450b2bfaf3c929d29c92e029feecd4", "memo": 105, "amount": -5.5499999999999998}}, {"pk": 106, "model": "finance.wesabetransaction", "fields": {"date": "2010-03-15 00:00:00", "account": 5, "guid": "72f20cc27087c140dc68af45772e854f04fedcef3d5011e15b09252f76d2e446", "memo": 106, "amount": -15.16}}, {"pk": 107, "model": "finance.wesabetransaction", "fields": {"date": "2010-03-16 00:00:00", "account": 5, "guid": "c1c96731e43155bd2764af1963de68de21b1e5b1e8df25d4c0c7b8d55f33091b", "memo": 107, "amount": -19.02}}, {"pk": 108, "model": "finance.wesabetransaction", "fields": {"date": "2010-03-16 00:00:00", "account": 5, "guid": "cb5077537c8d4c40fab519fd80672783c020feea786ee43f272a2b04f4971261", "memo": 108, "amount": -20.0}}, {"pk": 109, "model": "finance.wesabetransaction", "fields": {"date": "2010-03-18 00:00:00", "account": 5, "guid": "74aa14cb696cf79ac81ec58cb8ed755ab13111ab9279e1c3a4d600fc73422533", "memo": 109, "amount": 120.67}}, {"pk": 110, "model": "finance.wesabetransaction", "fields": {"date": "2010-03-18 00:00:00", "account": 5, "guid": "792e37a661a32388c04552166024b49658e2ac5b2e6a1de4112c8c6c1c873aac", "memo": 110, "amount": -81.829999999999998}}, {"pk": 111, "model": "finance.wesabetransaction", "fields": {"date": "2010-03-19 00:00:00", "account": 5, "guid": "ebfeddebf03613424fc1d9e27c772c8d95d93340222783663b708e0242a19db3", "memo": 111, "amount": -5.3399999999999999}}, {"pk": 112, "model": "finance.wesabetransaction", "fields": {"date": "2010-03-20 00:00:00", "account": 5, "guid": "c1ebbe356604db5f69faf1f3ce372dfbe357c00d7317dcf8eb157da83b5bc3ee", "memo": 112, "amount": -13.140000000000001}}, {"pk": 113, "model": "finance.wesabetransaction", "fields": {"date": "2010-03-21 00:00:00", "account": 5, "guid": "ba9cf61983828e99c8dfe9f4303f2e20fa2d70391c81df6c4ce071866dfe574c", "memo": 113, "amount": -5.2800000000000002}}, {"pk": 114, "model": "finance.wesabetransaction", "fields": {"date": "2010-03-21 00:00:00", "account": 5, "guid": "4122229843cba0b221c40ee2b9c9399b98ca968a4924e96426999e160c81bb5f", "memo": 114, "amount": -8.0}}, {"pk": 115, "model": "finance.wesabetransaction", "fields": {"date": "2010-03-21 00:00:00", "account": 5, "guid": "8efd522e7b6df7ae53efabdb8a210dfea1e851cde43547e791b4ccbd74b18fe6", "memo": 115, "amount": -49.549999999999997}}, {"pk": 116, "model": "finance.wesabetransaction", "fields": {"date": "2010-03-21 00:00:00", "account": 5, "guid": "ebaafce9832d28c86cf2bf5244e2f12df4bc6b7fb4f16614925eb5fcfb3f326a", "memo": 116, "amount": -21.989999999999998}}, {"pk": 117, "model": "finance.wesabetransaction", "fields": {"date": "2010-03-24 00:00:00", "account": 5, "guid": "82fcbc90ef5444712f84b92269fa7882cefd2f3ecd734d4eaa7356a7b55c0847", "memo": 117, "amount": -6.96}}, {"pk": 118, "model": "finance.wesabetransaction", "fields": {"date": "2010-03-24 00:00:00", "account": 5, "guid": "76d253ca77a199eeca927e7b53109c876674bf76ded0ca2af0a056c1454b7ce4", "memo": 118, "amount": -62.950000000000003}}, {"pk": 119, "model": "finance.wesabetransaction", "fields": {"date": "2010-03-24 00:00:00", "account": 5, "guid": "86379dcb6799841a55404bff5a6077e510dd6c006da176f6f6d77e3204471a1b", "memo": 119, "amount": -6.9500000000000002}}, {"pk": 120, "model": "finance.wesabetransaction", "fields": {"date": "2010-03-25 00:00:00", "account": 5, "guid": "a50d4b7f480fa42ae5dcf0ed11f959bdbf4ef274163cf78be66cfb5c113bad22", "memo": 120, "amount": -4.0}}, {"pk": 121, "model": "finance.wesabetransaction", "fields": {"date": "2010-03-26 00:00:00", "account": 5, "guid": "65be55e847d8bb5211d35b208e3086919383291510f588656f05dac67ccd650c", "memo": 121, "amount": -4.9199999999999999}}, {"pk": 122, "model": "finance.wesabetransaction", "fields": {"date": "2010-03-26 00:00:00", "account": 5, "guid": "1ee2adee723355ec663ea49058ab503b1dca5f8f1c3687839de83e56dcd16abe", "memo": 122, "amount": -8.9600000000000009}}, {"pk": 123, "model": "finance.wesabetransaction", "fields": {"date": "2010-03-26 00:00:00", "account": 5, "guid": "129f1418e295ec67deb81eea4abc7e1f1e19d49c8b27031ec52af7fd0090a13d", "memo": 123, "amount": -107.48}}, {"pk": 124, "model": "finance.wesabetransaction", "fields": {"date": "2010-03-27 00:00:00", "account": 5, "guid": "62bac311774d5cd5cef1ae76c2b7035d8b9470ea0c6b16242cdc97b5da6aca6f", "memo": 124, "amount": -6.5599999999999996}}, {"pk": 125, "model": "finance.wesabetransaction", "fields": {"date": "2010-03-27 00:00:00", "account": 5, "guid": "2ddb35b312945be07df2f259e3274ee23aebbe31a902e26807ac1bc5c1fde527", "memo": 125, "amount": -13.75}}, {"pk": 126, "model": "finance.wesabetransaction", "fields": {"date": "2010-03-30 00:00:00", "account": 5, "guid": "a318a0c4c9756371ccaf2377091dfc79218476c221488fa751636ab707c36508", "memo": 126, "amount": -2.1200000000000001}}, {"pk": 1, "model": "finance.detail", "fields": {"category": 1, "txn": 1, "sharing": 3, "rating": 0, "image": "", "detail": "", "last_update": "2010-04-26 15:22:01", "new": true}}, {"pk": 2, "model": "finance.detail", "fields": {"category": 1, "txn": 2, "sharing": 3, "rating": 0, "image": "", "detail": "", "last_update": "2010-04-26 15:22:01", "new": true}}, {"pk": 3, "model": "finance.detail", "fields": {"category": 1, "txn": 3, "sharing": 3, "rating": 0, "image": "", "detail": "", "last_update": "2010-04-26 15:22:01", "new": true}}, {"pk": 4, "model": "finance.detail", "fields": {"category": 1, "txn": 4, "sharing": 3, "rating": 0, "image": "", "detail": "", "last_update": "2010-04-26 15:22:01", "new": true}}, {"pk": 5, "model": "finance.detail", "fields": {"category": 1, "txn": 5, "sharing": 3, "rating": 0, "image": "", "detail": "", "last_update": "2010-04-26 15:22:01", "new": true}}, {"pk": 35, "model": "finance.detail", "fields": {"category": 1, "txn": 35, "sharing": 3, "rating": 0, "image": "", "detail": "", "last_update": "2010-04-26 15:22:54", "new": false}}, {"pk": 7, "model": "finance.detail", "fields": {"category": 1, "txn": 7, "sharing": 3, "rating": 0, "image": "", "detail": "", "last_update": "2010-04-26 15:22:01", "new": true}}, {"pk": 8, "model": "finance.detail", "fields": {"category": 1, "txn": 8, "sharing": 3, "rating": 0, "image": "", "detail": "", "last_update": "2010-04-26 15:22:01", "new": true}}, {"pk": 9, "model": "finance.detail", "fields": {"category": 1, "txn": 9, "sharing": 3, "rating": 0, "image": "", "detail": "", "last_update": "2010-04-26 15:22:01", "new": true}}, {"pk": 10, "model": "finance.detail", "fields": {"category": 1, "txn": 10, "sharing": 3, "rating": 0, "image": "", "detail": "", "last_update": "2010-04-26 15:22:01", "new": true}}, {"pk": 11, "model": "finance.detail", "fields": {"category": 1, "txn": 11, "sharing": 3, "rating": 0, "image": "", "detail": "", "last_update": "2010-04-26 15:22:01", "new": true}}, {"pk": 12, "model": "finance.detail", "fields": {"category": 1, "txn": 12, "sharing": 3, "rating": 0, "image": "", "detail": "", "last_update": "2010-04-26 15:22:01", "new": true}}, {"pk": 13, "model": "finance.detail", "fields": {"category": 1, "txn": 13, "sharing": 3, "rating": 0, "image": "", "detail": "", "last_update": "2010-04-26 15:22:02", "new": true}}, {"pk": 14, "model": "finance.detail", "fields": {"category": 1, "txn": 14, "sharing": 3, "rating": 0, "image": "", "detail": "", "last_update": "2010-04-26 15:22:02", "new": true}}, {"pk": 15, "model": "finance.detail", "fields": {"category": 1, "txn": 15, "sharing": 3, "rating": 0, "image": "", "detail": "", "last_update": "2010-04-26 15:22:02", "new": true}}, {"pk": 16, "model": "finance.detail", "fields": {"category": 1, "txn": 16, "sharing": 3, "rating": 0, "image": "", "detail": "", "last_update": "2010-04-26 15:22:02", "new": true}}, {"pk": 17, "model": "finance.detail", "fields": {"category": 1, "txn": 17, "sharing": 3, "rating": 0, "image": "", "detail": "", "last_update": "2010-04-26 15:22:02", "new": true}}, {"pk": 18, "model": "finance.detail", "fields": {"category": 1, "txn": 18, "sharing": 3, "rating": 0, "image": "", "detail": "", "last_update": "2010-04-26 15:22:02", "new": true}}, {"pk": 19, "model": "finance.detail", "fields": {"category": 1, "txn": 19, "sharing": 3, "rating": 0, "image": "", "detail": "", "last_update": "2010-04-26 15:22:02", "new": true}}, {"pk": 20, "model": "finance.detail", "fields": {"category": 1, "txn": 20, "sharing": 3, "rating": 0, "image": "", "detail": "", "last_update": "2010-04-26 15:22:02", "new": true}}, {"pk": 21, "model": "finance.detail", "fields": {"category": 1, "txn": 21, "sharing": 3, "rating": 0, "image": "", "detail": "", "last_update": "2010-04-26 15:22:02", "new": true}}, {"pk": 22, "model": "finance.detail", "fields": {"category": 1, "txn": 22, "sharing": 3, "rating": 0, "image": "", "detail": "", "last_update": "2010-04-26 15:22:02", "new": true}}, {"pk": 23, "model": "finance.detail", "fields": {"category": 1, "txn": 23, "sharing": 3, "rating": 0, "image": "", "detail": "", "last_update": "2010-04-26 15:22:02", "new": true}}, {"pk": 24, "model": "finance.detail", "fields": {"category": 1, "txn": 24, "sharing": 3, "rating": 0, "image": "", "detail": "", "last_update": "2010-04-26 15:22:02", "new": true}}, {"pk": 25, "model": "finance.detail", "fields": {"category": 1, "txn": 25, "sharing": 3, "rating": 0, "image": "", "detail": "", "last_update": "2010-04-26 15:22:02", "new": true}}, {"pk": 26, "model": "finance.detail", "fields": {"category": 1, "txn": 26, "sharing": 3, "rating": 0, "image": "", "detail": "", "last_update": "2010-04-26 15:22:02", "new": true}}, {"pk": 27, "model": "finance.detail", "fields": {"category": 1, "txn": 27, "sharing": 3, "rating": 0, "image": "", "detail": "", "last_update": "2010-04-26 15:22:02", "new": true}}, {"pk": 28, "model": "finance.detail", "fields": {"category": 1, "txn": 28, "sharing": 3, "rating": 0, "image": "", "detail": "", "last_update": "2010-04-26 15:22:02", "new": true}}, {"pk": 29, "model": "finance.detail", "fields": {"category": 1, "txn": 29, "sharing": 3, "rating": 0, "image": "", "detail": "", "last_update": "2010-04-26 15:22:02", "new": true}}, {"pk": 30, "model": "finance.detail", "fields": {"category": 1, "txn": 30, "sharing": 3, "rating": 0, "image": "", "detail": "", "last_update": "2010-04-26 15:22:03", "new": true}}, {"pk": 31, "model": "finance.detail", "fields": {"category": 1, "txn": 31, "sharing": 3, "rating": 0, "image": "", "detail": "", "last_update": "2010-04-26 15:22:03", "new": true}}, {"pk": 32, "model": "finance.detail", "fields": {"category": 1, "txn": 32, "sharing": 3, "rating": 0, "image": "", "detail": "", "last_update": "2010-04-26 15:22:03", "new": true}}, {"pk": 33, "model": "finance.detail", "fields": {"category": 1, "txn": 33, "sharing": 3, "rating": 0, "image": "", "detail": "", "last_update": "2010-04-26 15:22:03", "new": true}}, {"pk": 34, "model": "finance.detail", "fields": {"category": 1, "txn": 34, "sharing": 3, "rating": 0, "image": "", "detail": "", "last_update": "2010-04-26 15:22:03", "new": true}}, {"pk": 6, "model": "finance.detail", "fields": {"category": 1, "txn": 6, "sharing": 3, "rating": 0, "image": "", "detail": "", "last_update": "2010-04-26 15:22:55", "new": false}}, {"pk": 36, "model": "finance.detail", "fields": {"category": 1, "txn": 36, "sharing": 3, "rating": 0, "image": "", "detail": "", "last_update": "2010-04-26 15:22:03", "new": true}}, {"pk": 37, "model": "finance.detail", "fields": {"category": 1, "txn": 37, "sharing": 3, "rating": 0, "image": "", "detail": "", "last_update": "2010-04-26 15:22:04", "new": true}}, {"pk": 38, "model": "finance.detail", "fields": {"category": 1, "txn": 38, "sharing": 3, "rating": 0, "image": "", "detail": "", "last_update": "2010-04-26 15:22:04", "new": true}}, {"pk": 39, "model": "finance.detail", "fields": {"category": 1, "txn": 39, "sharing": 3, "rating": 0, "image": "", "detail": "", "last_update": "2010-04-26 15:22:04", "new": true}}, {"pk": 40, "model": "finance.detail", "fields": {"category": 1, "txn": 40, "sharing": 3, "rating": 0, "image": "", "detail": "", "last_update": "2010-04-26 15:22:04", "new": true}}, {"pk": 41, "model": "finance.detail", "fields": {"category": 1, "txn": 41, "sharing": 3, "rating": 0, "image": "", "detail": "", "last_update": "2010-04-26 15:22:04", "new": true}}, {"pk": 42, "model": "finance.detail", "fields": {"category": 1, "txn": 42, "sharing": 3, "rating": 0, "image": "", "detail": "", "last_update": "2010-04-26 15:22:04", "new": true}}, {"pk": 43, "model": "finance.detail", "fields": {"category": 1, "txn": 43, "sharing": 3, "rating": 0, "image": "", "detail": "", "last_update": "2010-04-26 15:22:04", "new": true}}, {"pk": 44, "model": "finance.detail", "fields": {"category": 1, "txn": 44, "sharing": 3, "rating": 0, "image": "", "detail": "", "last_update": "2010-04-26 15:22:04", "new": true}}, {"pk": 45, "model": "finance.detail", "fields": {"category": 1, "txn": 45, "sharing": 3, "rating": 0, "image": "", "detail": "", "last_update": "2010-04-26 15:22:04", "new": true}}, {"pk": 46, "model": "finance.detail", "fields": {"category": 1, "txn": 46, "sharing": 3, "rating": 0, "image": "", "detail": "", "last_update": "2010-04-26 15:22:04", "new": true}}, {"pk": 47, "model": "finance.detail", "fields": {"category": 1, "txn": 47, "sharing": 3, "rating": 0, "image": "", "detail": "", "last_update": "2010-04-26 15:22:04", "new": true}}, {"pk": 48, "model": "finance.detail", "fields": {"category": 1, "txn": 48, "sharing": 3, "rating": 0, "image": "", "detail": "", "last_update": "2010-04-26 15:22:04", "new": true}}, {"pk": 49, "model": "finance.detail", "fields": {"category": 1, "txn": 49, "sharing": 3, "rating": 0, "image": "", "detail": "", "last_update": "2010-04-26 15:22:04", "new": true}}, {"pk": 50, "model": "finance.detail", "fields": {"category": 1, "txn": 50, "sharing": 3, "rating": 0, "image": "", "detail": "", "last_update": "2010-04-26 15:22:05", "new": true}}, {"pk": 51, "model": "finance.detail", "fields": {"category": 1, "txn": 51, "sharing": 3, "rating": 0, "image": "", "detail": "", "last_update": "2010-04-26 15:22:05", "new": true}}, {"pk": 52, "model": "finance.detail", "fields": {"category": 1, "txn": 52, "sharing": 3, "rating": 0, "image": "", "detail": "", "last_update": "2010-04-26 15:22:05", "new": true}}, {"pk": 53, "model": "finance.detail", "fields": {"category": 1, "txn": 53, "sharing": 3, "rating": 0, "image": "", "detail": "", "last_update": "2010-04-26 15:22:05", "new": true}}, {"pk": 54, "model": "finance.detail", "fields": {"category": 1, "txn": 54, "sharing": 3, "rating": 0, "image": "", "detail": "", "last_update": "2010-04-26 15:22:05", "new": true}}, {"pk": 55, "model": "finance.detail", "fields": {"category": 1, "txn": 55, "sharing": 3, "rating": 0, "image": "", "detail": "", "last_update": "2010-04-26 15:22:05", "new": true}}, {"pk": 56, "model": "finance.detail", "fields": {"category": 1, "txn": 56, "sharing": 3, "rating": 0, "image": "", "detail": "", "last_update": "2010-04-26 15:22:05", "new": true}}, {"pk": 57, "model": "finance.detail", "fields": {"category": 1, "txn": 57, "sharing": 3, "rating": 0, "image": "", "detail": "", "last_update": "2010-04-26 15:22:05", "new": true}}, {"pk": 58, "model": "finance.detail", "fields": {"category": 1, "txn": 58, "sharing": 3, "rating": 0, "image": "", "detail": "", "last_update": "2010-04-26 15:22:05", "new": true}}, {"pk": 59, "model": "finance.detail", "fields": {"category": 1, "txn": 59, "sharing": 3, "rating": 0, "image": "", "detail": "", "last_update": "2010-04-26 15:22:05", "new": true}}, {"pk": 60, "model": "finance.detail", "fields": {"category": 1, "txn": 60, "sharing": 3, "rating": 0, "image": "", "detail": "", "last_update": "2010-04-26 15:22:05", "new": true}}, {"pk": 61, "model": "finance.detail", "fields": {"category": 1, "txn": 61, "sharing": 3, "rating": 0, "image": "", "detail": "", "last_update": "2010-04-26 15:22:05", "new": true}}, {"pk": 62, "model": "finance.detail", "fields": {"category": 1, "txn": 62, "sharing": 3, "rating": 0, "image": "", "detail": "", "last_update": "2010-04-26 15:22:05", "new": true}}, {"pk": 63, "model": "finance.detail", "fields": {"category": 1, "txn": 63, "sharing": 3, "rating": 0, "image": "", "detail": "", "last_update": "2010-04-26 15:22:05", "new": true}}, {"pk": 64, "model": "finance.detail", "fields": {"category": 1, "txn": 64, "sharing": 3, "rating": 0, "image": "", "detail": "", "last_update": "2010-04-26 15:22:05", "new": true}}, {"pk": 65, "model": "finance.detail", "fields": {"category": 1, "txn": 65, "sharing": 3, "rating": 0, "image": "", "detail": "", "last_update": "2010-04-26 15:22:05", "new": true}}, {"pk": 66, "model": "finance.detail", "fields": {"category": 1, "txn": 66, "sharing": 3, "rating": 0, "image": "", "detail": "", "last_update": "2010-04-26 15:22:05", "new": true}}, {"pk": 67, "model": "finance.detail", "fields": {"category": 1, "txn": 67, "sharing": 3, "rating": 0, "image": "", "detail": "", "last_update": "2010-04-26 15:22:06", "new": true}}, {"pk": 68, "model": "finance.detail", "fields": {"category": 1, "txn": 68, "sharing": 3, "rating": 0, "image": "", "detail": "", "last_update": "2010-04-26 15:22:06", "new": true}}, {"pk": 70, "model": "finance.detail", "fields": {"category": 1, "txn": 70, "sharing": 3, "rating": 0, "image": "", "detail": "", "last_update": "2010-04-26 15:22:06", "new": true}}, {"pk": 71, "model": "finance.detail", "fields": {"category": 1, "txn": 71, "sharing": 3, "rating": 0, "image": "", "detail": "", "last_update": "2010-04-26 15:22:06", "new": true}}, {"pk": 72, "model": "finance.detail", "fields": {"category": 1, "txn": 72, "sharing": 3, "rating": 0, "image": "", "detail": "", "last_update": "2010-04-26 15:22:06", "new": true}}, {"pk": 73, "model": "finance.detail", "fields": {"category": 1, "txn": 73, "sharing": 3, "rating": 0, "image": "", "detail": "", "last_update": "2010-04-26 15:22:06", "new": true}}, {"pk": 74, "model": "finance.detail", "fields": {"category": 1, "txn": 74, "sharing": 3, "rating": 0, "image": "", "detail": "", "last_update": "2010-04-26 15:22:06", "new": true}}, {"pk": 75, "model": "finance.detail", "fields": {"category": 1, "txn": 75, "sharing": 3, "rating": 0, "image": "", "detail": "", "last_update": "2010-04-26 15:22:06", "new": true}}, {"pk": 76, "model": "finance.detail", "fields": {"category": 1, "txn": 76, "sharing": 3, "rating": 0, "image": "", "detail": "", "last_update": "2010-04-26 15:22:06", "new": true}}, {"pk": 77, "model": "finance.detail", "fields": {"category": 1, "txn": 77, "sharing": 3, "rating": 0, "image": "", "detail": "", "last_update": "2010-04-26 15:22:06", "new": true}}, {"pk": 78, "model": "finance.detail", "fields": {"category": 1, "txn": 78, "sharing": 3, "rating": 0, "image": "", "detail": "", "last_update": "2010-04-26 15:22:07", "new": true}}, {"pk": 79, "model": "finance.detail", "fields": {"category": 1, "txn": 79, "sharing": 3, "rating": 0, "image": "", "detail": "", "last_update": "2010-04-26 15:22:07", "new": true}}, {"pk": 80, "model": "finance.detail", "fields": {"category": 1, "txn": 80, "sharing": 3, "rating": 0, "image": "", "detail": "", "last_update": "2010-04-26 15:22:07", "new": true}}, {"pk": 81, "model": "finance.detail", "fields": {"category": 1, "txn": 81, "sharing": 3, "rating": 0, "image": "", "detail": "", "last_update": "2010-04-26 15:22:07", "new": true}}, {"pk": 82, "model": "finance.detail", "fields": {"category": 1, "txn": 82, "sharing": 3, "rating": 0, "image": "", "detail": "", "last_update": "2010-04-26 15:22:07", "new": true}}, {"pk": 83, "model": "finance.detail", "fields": {"category": 1, "txn": 83, "sharing": 3, "rating": 0, "image": "", "detail": "", "last_update": "2010-04-26 15:22:07", "new": true}}, {"pk": 84, "model": "finance.detail", "fields": {"category": 1, "txn": 84, "sharing": 3, "rating": 0, "image": "", "detail": "", "last_update": "2010-04-26 15:22:07", "new": true}}, {"pk": 85, "model": "finance.detail", "fields": {"category": 1, "txn": 85, "sharing": 3, "rating": 0, "image": "", "detail": "", "last_update": "2010-04-26 15:22:07", "new": true}}, {"pk": 86, "model": "finance.detail", "fields": {"category": 1, "txn": 86, "sharing": 3, "rating": 0, "image": "", "detail": "", "last_update": "2010-04-26 15:22:07", "new": true}}, {"pk": 87, "model": "finance.detail", "fields": {"category": 1, "txn": 87, "sharing": 3, "rating": 0, "image": "", "detail": "", "last_update": "2010-04-26 15:22:07", "new": true}}, {"pk": 88, "model": "finance.detail", "fields": {"category": 1, "txn": 88, "sharing": 3, "rating": 0, "image": "", "detail": "", "last_update": "2010-04-26 15:22:07", "new": true}}, {"pk": 89, "model": "finance.detail", "fields": {"category": 1, "txn": 89, "sharing": 3, "rating": 0, "image": "", "detail": "", "last_update": "2010-04-26 15:22:07", "new": true}}, {"pk": 90, "model": "finance.detail", "fields": {"category": 1, "txn": 90, "sharing": 3, "rating": 0, "image": "", "detail": "", "last_update": "2010-04-26 15:22:07", "new": true}}, {"pk": 91, "model": "finance.detail", "fields": {"category": 1, "txn": 91, "sharing": 3, "rating": 0, "image": "", "detail": "", "last_update": "2010-04-26 15:22:08", "new": true}}, {"pk": 92, "model": "finance.detail", "fields": {"category": 1, "txn": 92, "sharing": 3, "rating": 0, "image": "", "detail": "", "last_update": "2010-04-26 15:22:08", "new": true}}, {"pk": 93, "model": "finance.detail", "fields": {"category": 1, "txn": 93, "sharing": 3, "rating": 0, "image": "", "detail": "", "last_update": "2010-04-26 15:22:08", "new": true}}, {"pk": 94, "model": "finance.detail", "fields": {"category": 1, "txn": 94, "sharing": 3, "rating": 0, "image": "", "detail": "", "last_update": "2010-04-26 15:22:08", "new": true}}, {"pk": 95, "model": "finance.detail", "fields": {"category": 1, "txn": 95, "sharing": 3, "rating": 0, "image": "", "detail": "", "last_update": "2010-04-26 15:22:08", "new": true}}, {"pk": 96, "model": "finance.detail", "fields": {"category": 1, "txn": 96, "sharing": 3, "rating": 0, "image": "", "detail": "", "last_update": "2010-04-26 15:22:08", "new": true}}, {"pk": 97, "model": "finance.detail", "fields": {"category": 1, "txn": 97, "sharing": 3, "rating": 0, "image": "", "detail": "", "last_update": "2010-04-26 15:22:09", "new": true}}, {"pk": 98, "model": "finance.detail", "fields": {"category": 1, "txn": 98, "sharing": 3, "rating": 0, "image": "", "detail": "", "last_update": "2010-04-26 15:22:09", "new": true}}, {"pk": 99, "model": "finance.detail", "fields": {"category": 1, "txn": 99, "sharing": 3, "rating": 0, "image": "", "detail": "", "last_update": "2010-04-26 15:22:09", "new": true}}, {"pk": 100, "model": "finance.detail", "fields": {"category": 1, "txn": 100, "sharing": 3, "rating": 0, "image": "", "detail": "", "last_update": "2010-04-26 15:22:09", "new": true}}, {"pk": 101, "model": "finance.detail", "fields": {"category": 1, "txn": 101, "sharing": 3, "rating": 0, "image": "", "detail": "", "last_update": "2010-04-26 15:22:09", "new": true}}, {"pk": 102, "model": "finance.detail", "fields": {"category": 1, "txn": 102, "sharing": 3, "rating": 0, "image": "", "detail": "", "last_update": "2010-04-26 15:22:09", "new": true}}, {"pk": 103, "model": "finance.detail", "fields": {"category": 1, "txn": 103, "sharing": 3, "rating": 0, "image": "", "detail": "", "last_update": "2010-04-26 15:22:09", "new": true}}, {"pk": 104, "model": "finance.detail", "fields": {"category": 1, "txn": 104, "sharing": 3, "rating": 0, "image": "", "detail": "", "last_update": "2010-04-26 15:22:09", "new": true}}, {"pk": 105, "model": "finance.detail", "fields": {"category": 1, "txn": 105, "sharing": 3, "rating": 0, "image": "", "detail": "", "last_update": "2010-04-26 15:22:09", "new": true}}, {"pk": 106, "model": "finance.detail", "fields": {"category": 1, "txn": 106, "sharing": 3, "rating": 0, "image": "", "detail": "", "last_update": "2010-04-26 15:22:09", "new": true}}, {"pk": 107, "model": "finance.detail", "fields": {"category": 1, "txn": 107, "sharing": 3, "rating": 0, "image": "", "detail": "", "last_update": "2010-04-26 15:22:09", "new": true}}, {"pk": 108, "model": "finance.detail", "fields": {"category": 1, "txn": 108, "sharing": 3, "rating": 0, "image": "", "detail": "", "last_update": "2010-04-26 15:22:09", "new": true}}, {"pk": 109, "model": "finance.detail", "fields": {"category": 1, "txn": 109, "sharing": 3, "rating": 0, "image": "", "detail": "", "last_update": "2010-04-26 15:22:09", "new": true}}, {"pk": 110, "model": "finance.detail", "fields": {"category": 1, "txn": 110, "sharing": 3, "rating": 0, "image": "", "detail": "", "last_update": "2010-04-26 15:22:10", "new": true}}, {"pk": 111, "model": "finance.detail", "fields": {"category": 1, "txn": 111, "sharing": 3, "rating": 0, "image": "", "detail": "", "last_update": "2010-04-26 15:22:10", "new": true}}, {"pk": 112, "model": "finance.detail", "fields": {"category": 1, "txn": 112, "sharing": 3, "rating": 0, "image": "", "detail": "", "last_update": "2010-04-26 15:22:10", "new": true}}, {"pk": 113, "model": "finance.detail", "fields": {"category": 1, "txn": 113, "sharing": 3, "rating": 0, "image": "", "detail": "", "last_update": "2010-04-26 15:22:10", "new": true}}, {"pk": 114, "model": "finance.detail", "fields": {"category": 1, "txn": 114, "sharing": 3, "rating": 0, "image": "", "detail": "", "last_update": "2010-04-26 15:22:10", "new": true}}, {"pk": 115, "model": "finance.detail", "fields": {"category": 1, "txn": 115, "sharing": 3, "rating": 0, "image": "", "detail": "", "last_update": "2010-04-26 15:22:10", "new": true}}, {"pk": 116, "model": "finance.detail", "fields": {"category": 1, "txn": 116, "sharing": 3, "rating": 0, "image": "", "detail": "", "last_update": "2010-04-26 15:22:10", "new": true}}, {"pk": 117, "model": "finance.detail", "fields": {"category": 1, "txn": 117, "sharing": 3, "rating": 0, "image": "", "detail": "", "last_update": "2010-04-26 15:22:10", "new": true}}, {"pk": 118, "model": "finance.detail", "fields": {"category": 1, "txn": 118, "sharing": 3, "rating": 0, "image": "", "detail": "", "last_update": "2010-04-26 15:22:10", "new": true}}, {"pk": 119, "model": "finance.detail", "fields": {"category": 1, "txn": 119, "sharing": 3, "rating": 0, "image": "", "detail": "", "last_update": "2010-04-26 15:22:10", "new": true}}, {"pk": 120, "model": "finance.detail", "fields": {"category": 1, "txn": 120, "sharing": 3, "rating": 0, "image": "", "detail": "", "last_update": "2010-04-26 15:22:10", "new": true}}, {"pk": 121, "model": "finance.detail", "fields": {"category": 1, "txn": 121, "sharing": 3, "rating": 0, "image": "", "detail": "", "last_update": "2010-04-26 15:22:10", "new": true}}, {"pk": 122, "model": "finance.detail", "fields": {"category": 1, "txn": 122, "sharing": 3, "rating": 0, "image": "", "detail": "", "last_update": "2010-04-26 15:22:10", "new": true}}, {"pk": 123, "model": "finance.detail", "fields": {"category": 1, "txn": 123, "sharing": 3, "rating": 0, "image": "", "detail": "", "last_update": "2010-04-26 15:22:10", "new": true}}, {"pk": 124, "model": "finance.detail", "fields": {"category": 1, "txn": 124, "sharing": 3, "rating": 0, "image": "", "detail": "", "last_update": "2010-04-26 15:22:10", "new": true}}, {"pk": 125, "model": "finance.detail", "fields": {"category": 1, "txn": 125, "sharing": 3, "rating": 0, "image": "", "detail": "", "last_update": "2010-04-26 15:22:10", "new": true}}, {"pk": 126, "model": "finance.detail", "fields": {"category": 1, "txn": 126, "sharing": 3, "rating": 0, "image": "", "detail": "", "last_update": "2010-04-26 15:22:10", "new": true}}, {"pk": 69, "model": "finance.detail", "fields": {"category": 5, "txn": 69, "sharing": 2, "rating": 4, "image": "", "detail": "Mailed eBay item", "last_update": "2010-04-26 15:22:55", "new": true}}, {"pk": 1, "model": "finance.coupon", "fields": {"location": 4, "number": "4436555", "content": "This is 10% off coupon", "expiry_date": "2011-06-30", "details": "If you bring the coupon to the store, it can be used to get a discount at the point of sale.  Restriction applies to certain brands.", "posted": "2010-04-26 15:22:19", "banner": "", "dealer": "The magistrate dealer", "icon": ""}}, {"pk": 2, "model": "finance.coupon", "fields": {"location": 4, "number": "4891562", "content": "This is 12% off coupon", "expiry_date": "2011-06-30", "details": "If you bring the coupon to the store, it can be used to get a discount at the point of sale.  Restriction applies to certain brands.", "posted": "2010-04-26 15:22:19", "banner": "", "dealer": "The magistrate dealer", "icon": ""}}, {"pk": 3, "model": "finance.coupon", "fields": {"location": 4, "number": "1522708", "content": "This is 14% off coupon", "expiry_date": "2011-06-30", "details": "If you bring the coupon to the store, it can be used to get a discount at the point of sale.  Restriction applies to certain brands.", "posted": "2010-04-26 15:22:19", "banner": "", "dealer": "The magistrate dealer", "icon": ""}}, {"pk": 4, "model": "finance.coupon", "fields": {"location": 4, "number": "8315583", "content": "This is 23% off coupon", "expiry_date": "2011-06-30", "details": "If you bring the coupon to the store, it can be used to get a discount at the point of sale.  Restriction applies to certain brands.", "posted": "2010-04-26 15:22:19", "banner": "", "dealer": "The magistrate dealer", "icon": ""}}, {"pk": 5, "model": "finance.coupon", "fields": {"location": 4, "number": "9319466", "content": "This is 11% off coupon", "expiry_date": "2011-06-30", "details": "If you bring the coupon to the store, it can be used to get a discount at the point of sale.  Restriction applies to certain brands.", "posted": "2010-04-26 15:22:19", "banner": "", "dealer": "The magistrate dealer", "icon": ""}}, {"pk": 6, "model": "finance.coupon", "fields": {"location": 4, "number": "9790600", "content": "This is 7% off coupon", "expiry_date": "2011-06-30", "details": "If you bring the coupon to the store, it can be used to get a discount at the point of sale.  Restriction applies to certain brands.", "posted": "2010-04-26 15:22:19", "banner": "", "dealer": "The magistrate dealer", "icon": ""}}, {"pk": 7, "model": "finance.coupon", "fields": {"location": 4, "number": "7388713", "content": "This is 7% off coupon", "expiry_date": "2011-06-30", "details": "If you bring the coupon to the store, it can be used to get a discount at the point of sale.  Restriction applies to certain brands.", "posted": "2010-04-26 15:22:19", "banner": "", "dealer": "The magistrate dealer", "icon": ""}}, {"pk": 8, "model": "finance.coupon", "fields": {"location": 4, "number": "5445508", "content": "This is 8% off coupon", "expiry_date": "2011-06-30", "details": "If you bring the coupon to the store, it can be used to get a discount at the point of sale.  Restriction applies to certain brands.", "posted": "2010-04-26 15:22:19", "banner": "", "dealer": "The magistrate dealer", "icon": ""}}, {"pk": 9, "model": "finance.coupon", "fields": {"location": 4, "number": "3705758", "content": "This is 21% off coupon", "expiry_date": "2011-06-30", "details": "If you bring the coupon to the store, it can be used to get a discount at the point of sale.  Restriction applies to certain brands.", "posted": "2010-04-26 15:22:19", "banner": "", "dealer": "The magistrate dealer", "icon": ""}}, {"pk": 10, "model": "finance.coupon", "fields": {"location": 4, "number": "4481719", "content": "This is 21% off coupon", "expiry_date": "2011-06-30", "details": "If you bring the coupon to the store, it can be used to get a discount at the point of sale.  Restriction applies to certain brands.", "posted": "2010-04-26 15:22:19", "banner": "", "dealer": "The magistrate dealer", "icon": ""}}, {"pk": 11, "model": "finance.coupon", "fields": {"location": 4, "number": "3925803", "content": "This is 13% off coupon", "expiry_date": "2011-06-30", "details": "If you bring the coupon to the store, it can be used to get a discount at the point of sale.  Restriction applies to certain brands.", "posted": "2010-04-26 15:22:19", "banner": "", "dealer": "The magistrate dealer", "icon": ""}}, {"pk": 12, "model": "finance.coupon", "fields": {"location": 4, "number": "8029841", "content": "This is 21% off coupon", "expiry_date": "2011-06-30", "details": "If you bring the coupon to the store, it can be used to get a discount at the point of sale.  Restriction applies to certain brands.", "posted": "2010-04-26 15:22:19", "banner": "", "dealer": "The magistrate dealer", "icon": ""}}, {"pk": 13, "model": "finance.coupon", "fields": {"location": 4, "number": "4900115", "content": "This is 14% off coupon", "expiry_date": "2011-06-30", "details": "If you bring the coupon to the store, it can be used to get a discount at the point of sale.  Restriction applies to certain brands.", "posted": "2010-04-26 15:22:19", "banner": "", "dealer": "The magistrate dealer", "icon": ""}}, {"pk": 14, "model": "finance.coupon", "fields": {"location": 4, "number": "6190544", "content": "This is 12% off coupon", "expiry_date": "2011-06-30", "details": "If you bring the coupon to the store, it can be used to get a discount at the point of sale.  Restriction applies to certain brands.", "posted": "2010-04-26 15:22:19", "banner": "", "dealer": "The magistrate dealer", "icon": ""}}, {"pk": 15, "model": "finance.coupon", "fields": {"location": 4, "number": "5182492", "content": "This is 11% off coupon", "expiry_date": "2011-06-30", "details": "If you bring the coupon to the store, it can be used to get a discount at the point of sale.  Restriction applies to certain brands.", "posted": "2010-04-26 15:22:19", "banner": "", "dealer": "The magistrate dealer", "icon": ""}}, {"pk": 16, "model": "finance.coupon", "fields": {"location": 4, "number": "5980032", "content": "This is 23% off coupon", "expiry_date": "2011-06-30", "details": "If you bring the coupon to the store, it can be used to get a discount at the point of sale.  Restriction applies to certain brands.", "posted": "2010-04-26 15:22:19", "banner": "", "dealer": "The magistrate dealer", "icon": ""}}, {"pk": 17, "model": "finance.coupon", "fields": {"location": 4, "number": "4045678", "content": "This is 16% off coupon", "expiry_date": "2011-06-30", "details": "If you bring the coupon to the store, it can be used to get a discount at the point of sale.  Restriction applies to certain brands.", "posted": "2010-04-26 15:22:19", "banner": "", "dealer": "The magistrate dealer", "icon": ""}}, {"pk": 18, "model": "finance.coupon", "fields": {"location": 4, "number": "5438266", "content": "This is 17% off coupon", "expiry_date": "2011-06-30", "details": "If you bring the coupon to the store, it can be used to get a discount at the point of sale.  Restriction applies to certain brands.", "posted": "2010-04-26 15:22:19", "banner": "", "dealer": "The magistrate dealer", "icon": ""}}, {"pk": 19, "model": "finance.coupon", "fields": {"location": 4, "number": "6599576", "content": "This is 14% off coupon", "expiry_date": "2011-06-30", "details": "If you bring the coupon to the store, it can be used to get a discount at the point of sale.  Restriction applies to certain brands.", "posted": "2010-04-26 15:22:19", "banner": "", "dealer": "The magistrate dealer", "icon": ""}}, {"pk": 20, "model": "finance.coupon", "fields": {"location": 4, "number": "3459051", "content": "This is 16% off coupon", "expiry_date": "2011-06-30", "details": "If you bring the coupon to the store, it can be used to get a discount at the point of sale.  Restriction applies to certain brands.", "posted": "2010-04-26 15:22:19", "banner": "", "dealer": "The magistrate dealer", "icon": ""}}, {"pk": 21, "model": "finance.coupon", "fields": {"location": 4, "number": "8445193", "content": "This is 5% off coupon", "expiry_date": "2011-06-30", "details": "If you bring the coupon to the store, it can be used to get a discount at the point of sale.  Restriction applies to certain brands.", "posted": "2010-04-26 15:22:19", "banner": "", "dealer": "The magistrate dealer", "icon": ""}}, {"pk": 22, "model": "finance.coupon", "fields": {"location": 4, "number": "1696179", "content": "This is 23% off coupon", "expiry_date": "2011-06-30", "details": "If you bring the coupon to the store, it can be used to get a discount at the point of sale.  Restriction applies to certain brands.", "posted": "2010-04-26 15:22:19", "banner": "", "dealer": "The magistrate dealer", "icon": ""}}, {"pk": 23, "model": "finance.coupon", "fields": {"location": 4, "number": "3709580", "content": "This is 15% off coupon", "expiry_date": "2011-06-30", "details": "If you bring the coupon to the store, it can be used to get a discount at the point of sale.  Restriction applies to certain brands.", "posted": "2010-04-26 15:22:19", "banner": "", "dealer": "The magistrate dealer", "icon": ""}}, {"pk": 24, "model": "finance.coupon", "fields": {"location": 4, "number": "1037757", "content": "This is 12% off coupon", "expiry_date": "2011-06-30", "details": "If you bring the coupon to the store, it can be used to get a discount at the point of sale.  Restriction applies to certain brands.", "posted": "2010-04-26 15:22:19", "banner": "", "dealer": "The magistrate dealer", "icon": ""}}, {"pk": 25, "model": "finance.coupon", "fields": {"location": 4, "number": "3486702", "content": "This is 5% off coupon", "expiry_date": "2011-06-30", "details": "If you bring the coupon to the store, it can be used to get a discount at the point of sale.  Restriction applies to certain brands.", "posted": "2010-04-26 15:22:19", "banner": "", "dealer": "The magistrate dealer", "icon": ""}}, {"pk": 26, "model": "finance.coupon", "fields": {"location": 4, "number": "7027868", "content": "This is 23% off coupon", "expiry_date": "2011-06-30", "details": "If you bring the coupon to the store, it can be used to get a discount at the point of sale.  Restriction applies to certain brands.", "posted": "2010-04-26 15:22:19", "banner": "", "dealer": "The magistrate dealer", "icon": ""}}, {"pk": 27, "model": "finance.coupon", "fields": {"location": 4, "number": "8220187", "content": "This is 17% off coupon", "expiry_date": "2011-06-30", "details": "If you bring the coupon to the store, it can be used to get a discount at the point of sale.  Restriction applies to certain brands.", "posted": "2010-04-26 15:22:19", "banner": "", "dealer": "The magistrate dealer", "icon": ""}}, {"pk": 28, "model": "finance.coupon", "fields": {"location": 4, "number": "2040201", "content": "This is 7% off coupon", "expiry_date": "2011-06-30", "details": "If you bring the coupon to the store, it can be used to get a discount at the point of sale.  Restriction applies to certain brands.", "posted": "2010-04-26 15:22:19", "banner": "", "dealer": "The magistrate dealer", "icon": ""}}, {"pk": 29, "model": "finance.coupon", "fields": {"location": 4, "number": "6682581", "content": "This is 6% off coupon", "expiry_date": "2011-06-30", "details": "If you bring the coupon to the store, it can be used to get a discount at the point of sale.  Restriction applies to certain brands.", "posted": "2010-04-26 15:22:19", "banner": "", "dealer": "The magistrate dealer", "icon": ""}}, {"pk": 30, "model": "finance.coupon", "fields": {"location": 4, "number": "3843928", "content": "This is 15% off coupon", "expiry_date": "2011-06-30", "details": "If you bring the coupon to the store, it can be used to get a discount at the point of sale.  Restriction applies to certain brands.", "posted": "2010-04-26 15:22:19", "banner": "", "dealer": "The magistrate dealer", "icon": ""}}, {"pk": 31, "model": "finance.coupon", "fields": {"location": 4, "number": "3540322", "content": "This is 10% off coupon", "expiry_date": "2011-06-30", "details": "If you bring the coupon to the store, it can be used to get a discount at the point of sale.  Restriction applies to certain brands.", "posted": "2010-04-26 15:22:19", "banner": "", "dealer": "The magistrate dealer", "icon": ""}}, {"pk": 32, "model": "finance.coupon", "fields": {"location": 4, "number": "8045280", "content": "This is 7% off coupon", "expiry_date": "2011-06-30", "details": "If you bring the coupon to the store, it can be used to get a discount at the point of sale.  Restriction applies to certain brands.", "posted": "2010-04-26 15:22:19", "banner": "", "dealer": "The magistrate dealer", "icon": ""}}, {"pk": 33, "model": "finance.coupon", "fields": {"location": 4, "number": "1638885", "content": "This is 10% off coupon", "expiry_date": "2011-06-30", "details": "If you bring the coupon to the store, it can be used to get a discount at the point of sale.  Restriction applies to certain brands.", "posted": "2010-04-26 15:22:19", "banner": "", "dealer": "The magistrate dealer", "icon": ""}}, {"pk": 34, "model": "finance.coupon", "fields": {"location": 4, "number": "4958098", "content": "This is 12% off coupon", "expiry_date": "2011-06-30", "details": "If you bring the coupon to the store, it can be used to get a discount at the point of sale.  Restriction applies to certain brands.", "posted": "2010-04-26 15:22:19", "banner": "", "dealer": "The magistrate dealer", "icon": ""}}, {"pk": 35, "model": "finance.coupon", "fields": {"location": 4, "number": "7095559", "content": "This is 18% off coupon", "expiry_date": "2011-06-30", "details": "If you bring the coupon to the store, it can be used to get a discount at the point of sale.  Restriction applies to certain brands.", "posted": "2010-04-26 15:22:19", "banner": "", "dealer": "The magistrate dealer", "icon": ""}}, {"pk": 36, "model": "finance.coupon", "fields": {"location": 4, "number": "4097758", "content": "This is 12% off coupon", "expiry_date": "2011-06-30", "details": "If you bring the coupon to the store, it can be used to get a discount at the point of sale.  Restriction applies to certain brands.", "posted": "2010-04-26 15:22:19", "banner": "", "dealer": "The magistrate dealer", "icon": ""}}, {"pk": 37, "model": "finance.coupon", "fields": {"location": 4, "number": "1206693", "content": "This is 11% off coupon", "expiry_date": "2011-06-30", "details": "If you bring the coupon to the store, it can be used to get a discount at the point of sale.  Restriction applies to certain brands.", "posted": "2010-04-26 15:22:19", "banner": "", "dealer": "The magistrate dealer", "icon": ""}}, {"pk": 38, "model": "finance.coupon", "fields": {"location": 4, "number": "4148796", "content": "This is 5% off coupon", "expiry_date": "2011-06-30", "details": "If you bring the coupon to the store, it can be used to get a discount at the point of sale.  Restriction applies to certain brands.", "posted": "2010-04-26 15:22:19", "banner": "", "dealer": "The magistrate dealer", "icon": ""}}, {"pk": 39, "model": "finance.coupon", "fields": {"location": 4, "number": "9168705", "content": "This is 10% off coupon", "expiry_date": "2011-06-30", "details": "If you bring the coupon to the store, it can be used to get a discount at the point of sale.  Restriction applies to certain brands.", "posted": "2010-04-26 15:22:19", "banner": "", "dealer": "The magistrate dealer", "icon": ""}}, {"pk": 40, "model": "finance.coupon", "fields": {"location": 4, "number": "4963372", "content": "This is 18% off coupon", "expiry_date": "2011-06-30", "details": "If you bring the coupon to the store, it can be used to get a discount at the point of sale.  Restriction applies to certain brands.", "posted": "2010-04-26 15:22:19", "banner": "", "dealer": "The magistrate dealer", "icon": ""}}, {"pk": 41, "model": "finance.coupon", "fields": {"location": 4, "number": "2022766", "content": "This is 20% off coupon", "expiry_date": "2011-06-30", "details": "If you bring the coupon to the store, it can be used to get a discount at the point of sale.  Restriction applies to certain brands.", "posted": "2010-04-26 15:22:20", "banner": "", "dealer": "The magistrate dealer", "icon": ""}}, {"pk": 42, "model": "finance.coupon", "fields": {"location": 4, "number": "1272352", "content": "This is 9% off coupon", "expiry_date": "2011-06-30", "details": "If you bring the coupon to the store, it can be used to get a discount at the point of sale.  Restriction applies to certain brands.", "posted": "2010-04-26 15:22:20", "banner": "", "dealer": "The magistrate dealer", "icon": ""}}, {"pk": 43, "model": "finance.coupon", "fields": {"location": 4, "number": "8517205", "content": "This is 18% off coupon", "expiry_date": "2011-06-30", "details": "If you bring the coupon to the store, it can be used to get a discount at the point of sale.  Restriction applies to certain brands.", "posted": "2010-04-26 15:22:20", "banner": "", "dealer": "The magistrate dealer", "icon": ""}}, {"pk": 44, "model": "finance.coupon", "fields": {"location": 4, "number": "9065749", "content": "This is 11% off coupon", "expiry_date": "2011-06-30", "details": "If you bring the coupon to the store, it can be used to get a discount at the point of sale.  Restriction applies to certain brands.", "posted": "2010-04-26 15:22:20", "banner": "", "dealer": "The magistrate dealer", "icon": ""}}, {"pk": 45, "model": "finance.coupon", "fields": {"location": 4, "number": "9326504", "content": "This is 6% off coupon", "expiry_date": "2011-06-30", "details": "If you bring the coupon to the store, it can be used to get a discount at the point of sale.  Restriction applies to certain brands.", "posted": "2010-04-26 15:22:20", "banner": "", "dealer": "The magistrate dealer", "icon": ""}}, {"pk": 46, "model": "finance.coupon", "fields": {"location": 4, "number": "3183126", "content": "This is 11% off coupon", "expiry_date": "2011-06-30", "details": "If you bring the coupon to the store, it can be used to get a discount at the point of sale.  Restriction applies to certain brands.", "posted": "2010-04-26 15:22:20", "banner": "", "dealer": "The magistrate dealer", "icon": ""}}, {"pk": 47, "model": "finance.coupon", "fields": {"location": 4, "number": "7338060", "content": "This is 16% off coupon", "expiry_date": "2011-06-30", "details": "If you bring the coupon to the store, it can be used to get a discount at the point of sale.  Restriction applies to certain brands.", "posted": "2010-04-26 15:22:20", "banner": "", "dealer": "The magistrate dealer", "icon": ""}}, {"pk": 48, "model": "finance.coupon", "fields": {"location": 4, "number": "3337775", "content": "This is 15% off coupon", "expiry_date": "2011-06-30", "details": "If you bring the coupon to the store, it can be used to get a discount at the point of sale.  Restriction applies to certain brands.", "posted": "2010-04-26 15:22:20", "banner": "", "dealer": "The magistrate dealer", "icon": ""}}, {"pk": 49, "model": "finance.coupon", "fields": {"location": 4, "number": "3292374", "content": "This is 16% off coupon", "expiry_date": "2011-06-30", "details": "If you bring the coupon to the store, it can be used to get a discount at the point of sale.  Restriction applies to certain brands.", "posted": "2010-04-26 15:22:20", "banner": "", "dealer": "The magistrate dealer", "icon": ""}}, {"pk": 50, "model": "finance.coupon", "fields": {"location": 4, "number": "4555364", "content": "This is 11% off coupon", "expiry_date": "2011-06-30", "details": "If you bring the coupon to the store, it can be used to get a discount at the point of sale.  Restriction applies to certain brands.", "posted": "2010-04-26 15:22:20", "banner": "", "dealer": "The magistrate dealer", "icon": ""}}, {"pk": 1, "model": "finance.logcategorycreation", "fields": {"category": 9, "timestamp": "2010-04-26 15:22:53", "user": 2}}]
