[{"pk": 1, "model": "common.experiment", "fields": {"name": "Control", "description": "Just bare menu"}}, {"pk": 2, "model": "common.experiment", "fields": {"name": "Social", "description": "Social"}}, {"pk": 3, "model": "common.experiment", "fields": {"name": "Popularity", "description": "Popularity"}}, {"pk": 2, "model": "common.otnuser", "fields": {"wesabe_id": "", "name": "Kwan Hong Lee", "pin": "93028e53754c88055e7251896d944d89d670107bb35c09cbc440240c", "my_email": "kool@mit.edu", "image": "http://external.ak.fbcdn.net/safe_image.php?logo&d=48a656a116ea622bf6e462eae03e9ecd&url=http%3A%2F%2Fprofile.ak.fbcdn.net%2Fv229%2F620%2F9%2Fq706848_1099.jpg&v=5", "visits": 0, "mit_id": "999999999", "phone": "617-909-2101", "experiment": 1, "voucher": false, "groups": [], "user_permissions": []}}, {"pk": 1, "model": "common.sharingprofile", "fields": {"laundry": 3, "user": 2, "general": 3}}, {"pk": 1, "model": "common.otnconsent", "fields": {"techcash": true, "user": 2, "otn": true, "timestamp": "2010-03-19 00:43:57"}}, {"pk": 1, "model": "common.friends", "fields": {"image": "http://www.facebook.com/pics/t_silhouette.gif", "last_update": "2010-03-19 00:43:58", "friends": [2, 3, 4, 5, 6, 7, 8, 9, 10, 11, 12, 13, 14, 15, 16, 17, 18, 19, 20, 21, 22, 23, 24, 25, 26, 27, 28, 29, 30, 31, 32, 33, 34, 35, 36, 37, 38, 39, 40, 41, 42, 43, 44, 45, 46, 47, 48, 49, 50, 51], "name": "(Private)", "facebook_id": 706848}}, {"pk": 2, "model": "common.friends", "fields": {"image": "http://profile.ak.fbcdn.net/hprofile-ak-sf2p/hs258.snc3/23216_1311_2020_q.jpg", "last_update": "2010-03-19 00:43:59", "friends": [1], "name": "Shirley Veronica Cardona", "facebook_id": 1311}}, {"pk": 3, "model": "common.friends", "fields": {"image": "http://profile.ak.fbcdn.net/v222/1788/89/q1341_5735.jpg", "last_update": "2010-03-19 00:43:59", "friends": [1], "name": "Chris Nicholson", "facebook_id": 1341}}, {"pk": 4, "model": "common.friends", "fields": {"image": "http://profile.ak.fbcdn.net/v229/1748/63/q3338_4272.jpg", "last_update": "2010-03-19 00:43:59", "friends": [1], "name": "Tae Ho Cho", "facebook_id": 3338}}, {"pk": 5, "model": "common.friends", "fields": {"image": "http://profile.ak.fbcdn.net/v225/717/88/q3974_8651.jpg", "last_update": "2010-03-19 00:43:59", "friends": [1], "name": "Rajae Merzoug", "facebook_id": 3974}}, {"pk": 6, "model": "common.friends", "fields": {"image": "http://profile.ak.fbcdn.net/v22943/1290/99/q5614_862.jpg", "last_update": "2010-03-19 00:43:59", "friends": [1], "name": "Christine Kyuyoung Lee", "facebook_id": 5614}}, {"pk": 7, "model": "common.friends", "fields": {"image": "http://profile.ak.fbcdn.net/v22944/46/49/q6767_3700.jpg", "last_update": "2010-03-19 00:43:59", "friends": [1], "name": "Jeong Oh", "facebook_id": 6767}}, {"pk": 8, "model": "common.friends", "fields": {"image": "http://profile.ak.fbcdn.net/profile/1828/32/q9704_10219.jpg", "last_update": "2010-03-19 00:43:59", "friends": [1], "name": "Seung-Kyu Kong", "facebook_id": 9704}}, {"pk": 9, "model": "common.friends", "fields": {"image": "http://profile.ak.fbcdn.net/hprofile-ak-sf2p/hs642.snc3/27370_12353_9858_q.jpg", "last_update": "2010-03-19 00:43:59", "friends": [1], "name": "Kristina Jing Liu", "facebook_id": 12353}}, {"pk": 10, "model": "common.friends", "fields": {"image": "http://profile.ak.fbcdn.net/v22943/1861/71/q12604_8638.jpg", "last_update": "2010-03-19 00:43:59", "friends": [1], "name": "Helim Kathleen Chun", "facebook_id": 12604}}, {"pk": 11, "model": "common.friends", "fields": {"image": "http://profile.ak.fbcdn.net/v225/1423/53/q13344_3679.jpg", "last_update": "2010-03-19 00:43:59", "friends": [1], "name": "Ivan Nausieda", "facebook_id": 13344}}, {"pk": 12, "model": "common.friends", "fields": {"image": "http://profile.ak.fbcdn.net/v230/334/102/q15349_6962.jpg", "last_update": "2010-03-19 00:43:59", "friends": [1], "name": "Andrew Yu", "facebook_id": 15349}}, {"pk": 13, "model": "common.friends", "fields": {"image": "http://profile.ak.fbcdn.net/v225/515/37/q15784_9702.jpg", "last_update": "2010-03-19 00:43:59", "friends": [1], "name": "Helen Poldsam", "facebook_id": 15784}}, {"pk": 14, "model": "common.friends", "fields": {"image": "http://profile.ak.fbcdn.net/hprofile-ak-sf2p/hs301.ash1/23083_20358_7824_q.jpg", "last_update": "2010-03-19 00:43:59", "friends": [1], "name": "Grace Kim", "facebook_id": 20358}}, {"pk": 15, "model": "common.friends", "fields": {"image": "http://profile.ak.fbcdn.net/v225/1186/3/q20914_5314.jpg", "last_update": "2010-03-19 00:43:59", "friends": [1], "name": "Sena Lee", "facebook_id": 20914}}, {"pk": 16, "model": "common.friends", "fields": {"image": "http://profile.ak.fbcdn.net/v22942/670/73/q21441_6424.jpg", "last_update": "2010-03-19 00:43:59", "friends": [1], "name": "Sandi Hussain", "facebook_id": 21441}}, {"pk": 17, "model": "common.friends", "fields": {"image": "http://profile.ak.fbcdn.net/hprofile-ak-sf2p/hs622.ash1/27368_22251_2148_q.jpg", "last_update": "2010-03-19 00:43:59", "friends": [1], "name": "Jeewoo Park", "facebook_id": 22251}}, {"pk": 18, "model": "common.friends", "fields": {"image": "http://profile.ak.fbcdn.net/v224/666/111/q22373_6091.jpg", "last_update": "2010-03-19 00:43:59", "friends": [1], "name": "June Hwang", "facebook_id": 22373}}, {"pk": 19, "model": "common.friends", "fields": {"image": "http://profile.ak.fbcdn.net/v22941/172/65/q23204_8876.jpg", "last_update": "2010-03-19 00:43:59", "friends": [1], "name": "Sorah Seong", "facebook_id": 23204}}, {"pk": 20, "model": "common.friends", "fields": {"image": "http://profile.ak.fbcdn.net/hprofile-ak-sf2p/hs308.ash1/23215_30370_1037_q.jpg", "last_update": "2010-03-19 00:43:59", "friends": [1], "name": "Eric Beck", "facebook_id": 30370}}, {"pk": 21, "model": "common.friends", "fields": {"image": "http://profile.ak.fbcdn.net/v22940/1177/29/q31033_1936.jpg", "last_update": "2010-03-19 00:43:59", "friends": [1], "name": "Chris An", "facebook_id": 31033}}, {"pk": 22, "model": "common.friends", "fields": {"image": "http://profile.ak.fbcdn.net/hprofile-ak-sf2p/hs624.snc3/27404_32367_795_q.jpg", "last_update": "2010-03-19 00:43:59", "friends": [1], "name": "Xixi C.", "facebook_id": 32367}}, {"pk": 23, "model": "common.friends", "fields": {"image": "http://profile.ak.fbcdn.net/profile5/1943/19/q34873_1181.jpg", "last_update": "2010-03-19 00:43:59", "friends": [1], "name": "Fai Leong", "facebook_id": 34873}}, {"pk": 24, "model": "common.friends", "fields": {"image": "http://profile.ak.fbcdn.net/hprofile-ak-sf2p/hs306.ash1/23182_34917_4673_q.jpg", "last_update": "2010-03-19 00:43:59", "friends": [1], "name": "John Leehong Kim", "facebook_id": 34917}}, {"pk": 25, "model": "common.friends", "fields": {"image": "http://profile.ak.fbcdn.net/v22941/575/101/q103076_8401.jpg", "last_update": "2010-03-19 00:43:59", "friends": [1], "name": "Christina Chung", "facebook_id": 103076}}, {"pk": 26, "model": "common.friends", "fields": {"image": "http://profile.ak.fbcdn.net/v222/1103/109/q201942_9780.jpg", "last_update": "2010-03-19 00:43:59", "friends": [1], "name": "Tommy Leep", "facebook_id": 201942}}, {"pk": 27, "model": "common.friends", "fields": {"image": "http://profile.ak.fbcdn.net/v222/857/35/q203571_8809.jpg", "last_update": "2010-03-19 00:44:00", "friends": [1], "name": "Amit Garg", "facebook_id": 203571}}, {"pk": 28, "model": "common.friends", "fields": {"image": "http://profile.ak.fbcdn.net/v224/1674/43/q205903_4676.jpg", "last_update": "2010-03-19 00:44:00", "friends": [1], "name": "Taemie Kim", "facebook_id": 205903}}, {"pk": 29, "model": "common.friends", "fields": {"image": "http://profile.ak.fbcdn.net/v22940/760/73/q211333_3424.jpg", "last_update": "2010-03-19 00:44:00", "friends": [1], "name": "Rebeca Hwang", "facebook_id": 211333}}, {"pk": 30, "model": "common.friends", "fields": {"image": "http://profile.ak.fbcdn.net/v222/689/109/q215531_6579.jpg", "last_update": "2010-03-19 00:44:00", "friends": [1], "name": "Marshall Yuan", "facebook_id": 215531}}, {"pk": 31, "model": "common.friends", "fields": {"image": "http://profile.ak.fbcdn.net/v22940/1322/9/q218023_6498.jpg", "last_update": "2010-03-19 00:44:00", "friends": [1], "name": "Aleksandra Korolova", "facebook_id": 218023}}, {"pk": 32, "model": "common.friends", "fields": {"image": "http://profile.ak.fbcdn.net/profile3/825/50/q219358_34886.jpg", "last_update": "2010-03-19 00:44:00", "friends": [1], "name": "Daniel Ramage", "facebook_id": 219358}}, {"pk": 33, "model": "common.friends", "fields": {"image": "http://profile.ak.fbcdn.net/profile5/435/101/q223274_2858.jpg", "last_update": "2010-03-19 00:44:00", "friends": [1], "name": "Young Beom Kim", "facebook_id": 223274}}, {"pk": 34, "model": "common.friends", "fields": {"image": "http://profile.ak.fbcdn.net/v224/324/52/q303313_8371.jpg", "last_update": "2010-03-19 00:44:00", "friends": [1], "name": "Mary Jane Yoon", "facebook_id": 303313}}, {"pk": 35, "model": "common.friends", "fields": {"image": "http://profile.ak.fbcdn.net/hprofile-ak-sf2p/hs260.snc3/23248_304783_60_q.jpg", "last_update": "2010-03-19 00:44:00", "friends": [1], "name": "Jee Lee", "facebook_id": 304783}}, {"pk": 36, "model": "common.friends", "fields": {"image": "http://profile.ak.fbcdn.net/v22940/1655/52/q304939_1380.jpg", "last_update": "2010-03-19 00:44:00", "friends": [1], "name": "Martha Legocki", "facebook_id": 304939}}, {"pk": 37, "model": "common.friends", "fields": {"image": "http://profile.ak.fbcdn.net/v22944/1704/115/q410075_4817.jpg", "last_update": "2010-03-19 00:44:00", "friends": [1], "name": "Seong Kang", "facebook_id": 410075}}, {"pk": 38, "model": "common.friends", "fields": {"image": "http://profile.ak.fbcdn.net/hprofile-ak-sf2p/hs308.ash1/23219_412434_3668_q.jpg", "last_update": "2010-03-19 00:44:00", "friends": [1], "name": "Kara Sadlik", "facebook_id": 412434}}, {"pk": 39, "model": "common.friends", "fields": {"image": "http://profile.ak.fbcdn.net/v22940/729/23/q413137_8721.jpg", "last_update": "2010-03-19 00:44:00", "friends": [1], "name": "Aram Heo", "facebook_id": 413137}}, {"pk": 40, "model": "common.friends", "fields": {"image": "http://profile.ak.fbcdn.net/v22944/1490/110/q413993_2739.jpg", "last_update": "2010-03-19 00:44:00", "friends": [1], "name": "Jennifer Kim", "facebook_id": 413993}}, {"pk": 41, "model": "common.friends", "fields": {"image": null, "last_update": "2010-03-19 00:44:00", "friends": [1], "name": "Chris Taeyoung Chung", "facebook_id": 422179}}, {"pk": 42, "model": "common.friends", "fields": {"image": "http://profile.ak.fbcdn.net/v228/52/55/q422227_4997.jpg", "last_update": "2010-03-19 00:44:00", "friends": [1], "name": "Minsong Kim", "facebook_id": 422227}}, {"pk": 43, "model": "common.friends", "fields": {"image": "http://profile.ak.fbcdn.net/v222/1523/17/q422421_8275.jpg", "last_update": "2010-03-19 00:44:00", "friends": [1], "name": "Christine Song", "facebook_id": 422421}}, {"pk": 44, "model": "common.friends", "fields": {"image": "http://profile.ak.fbcdn.net/hprofile-ak-sf2p/hs270.snc3/23146_425461_8221_q.jpg", "last_update": "2010-03-19 00:44:00", "friends": [1], "name": "Soomin Jasmin Cho", "facebook_id": 425461}}, {"pk": 45, "model": "common.friends", "fields": {"image": "http://profile.ak.fbcdn.net/v228/1533/28/q429717_590.jpg", "last_update": "2010-03-19 00:44:00", "friends": [1], "name": "Peter Kwon", "facebook_id": 429717}}, {"pk": 46, "model": "common.friends", "fields": {"image": null, "last_update": "2010-03-19 00:44:00", "friends": [1], "name": "Hyun Yi", "facebook_id": 431157}}, {"pk": 47, "model": "common.friends", "fields": {"image": "http://profile.ak.fbcdn.net/hprofile-ak-sf2p/hs268.snc3/23105_600220_3398_q.jpg", "last_update": "2010-03-19 00:44:00", "friends": [1], "name": "Edy Yang", "facebook_id": 600220}}, {"pk": 48, "model": "common.friends", "fields": {"image": "http://profile.ak.fbcdn.net/v22939/430/78/q700524_4170.jpg", "last_update": "2010-03-19 00:44:00", "friends": [1], "name": "Benji Sterling", "facebook_id": 700524}}, {"pk": 49, "model": "common.friends", "fields": {"image": "http://profile.ak.fbcdn.net/hprofile-ak-sf2p/hs644.snc3/27403_700526_9132_q.jpg", "last_update": "2010-03-19 00:44:00", "friends": [1], "name": "Laura Kim", "facebook_id": 700526}}, {"pk": 50, "model": "common.friends", "fields": {"image": "http://profile.ak.fbcdn.net/profile2/1075/102/q700560_24926.jpg", "last_update": "2010-03-19 00:44:00", "friends": [1], "name": "Muyiwa Oni", "facebook_id": 700560}}, {"pk": 51, "model": "common.friends", "fields": {"image": "http://profile.ak.fbcdn.net/v22944/1732/59/q700571_3670.jpg", "last_update": "2010-03-19 00:44:00", "friends": [1], "name": "Seong-Min Kim", "facebook_id": 700571}}, {"pk": 1, "model": "auth.user", "fields": {"username": "admin", "first_name": "", "last_name": "", "is_active": true, "is_superuser": true, "is_staff": true, "last_login": "2010-03-19 00:39:40", "groups": [], "user_permissions": [], "password": "sha1$f0a64$5a873c4620f08ddb5ed0f2771d965ac8488dff60", "email": "kwan@media.mit.edu", "date_joined": "2010-03-19 00:39:40"}}, {"pk": 2, "model": "auth.user", "fields": {"username": "706848", "first_name": "Kwan", "last_name": "Lee", "is_active": true, "is_superuser": false, "is_staff": false, "last_login": "2010-03-19 00:43:57", "groups": [], "user_permissions": [], "password": "!", "email": "apps+168060597093.706848.e09119d43dc90727741f5a3e0b921655@proxymail.facebook.com", "date_joined": "2010-03-19 00:43:57"}}, {"pk": 1, "model": "presurvey.tastechoice", "fields": {"sense": "acidic"}}, {"pk": 2, "model": "presurvey.tastechoice", "fields": {"sense": "bitter"}}, {"pk": 3, "model": "presurvey.tastechoice", "fields": {"sense": "bland"}}, {"pk": 4, "model": "presurvey.tastechoice", "fields": {"sense": "cool"}}, {"pk": 5, "model": "presurvey.tastechoice", "fields": {"sense": "creamy"}}, {"pk": 6, "model": "presurvey.tastechoice", "fields": {"sense": "gooey"}}, {"pk": 7, "model": "presurvey.tastechoice", "fields": {"sense": "hot"}}, {"pk": 8, "model": "presurvey.tastechoice", "fields": {"sense": "juicy"}}, {"pk": 9, "model": "presurvey.tastechoice", "fields": {"sense": "mild"}}, {"pk": 10, "model": "presurvey.tastechoice", "fields": {"sense": "nutty"}}, {"pk": 11, "model": "presurvey.tastechoice", "fields": {"sense": "peppery"}}, {"pk": 12, "model": "presurvey.tastechoice", "fields": {"sense": "ripe"}}, {"pk": 13, "model": "presurvey.tastechoice", "fields": {"sense": "salty"}}, {"pk": 14, "model": "presurvey.tastechoice", "fields": {"sense": "savory"}}, {"pk": 15, "model": "presurvey.tastechoice", "fields": {"sense": "sour"}}, {"pk": 16, "model": "presurvey.tastechoice", "fields": {"sense": "spicy"}}, {"pk": 17, "model": "presurvey.tastechoice", "fields": {"sense": "strong"}}, {"pk": 18, "model": "presurvey.tastechoice", "fields": {"sense": "sweet"}}, {"pk": 19, "model": "presurvey.tastechoice", "fields": {"sense": "tangy"}}, {"pk": 20, "model": "presurvey.tastechoice", "fields": {"sense": "tart"}}, {"pk": 1, "model": "legals.store", "fields": {"city": null, "state": null, "name": "Legal Sea Foods", "phone": null, "address": null}}, {"pk": 1, "model": "legals.tablecode", "fields": {"date": "2010-03-19", "code": "abcd", "expired": false, "experiment": 3}}, {"pk": 2, "model": "legals.tablecode", "fields": {"date": "2010-03-20", "code": "abcd", "expired": false, "experiment": 3}}, {"pk": 3, "model": "legals.tablecode", "fields": {"date": "2010-03-21", "code": "abcd", "expired": false, "experiment": 3}}, {"pk": 4, "model": "legals.tablecode", "fields": {"date": "2010-03-22", "code": "abcd", "expired": false, "experiment": 3}}, {"pk": 5, "model": "legals.tablecode", "fields": {"date": "2010-03-23", "code": "abcd", "expired": false, "experiment": 3}}, {"pk": 6, "model": "legals.tablecode", "fields": {"date": "2010-03-24", "code": "abcd", "expired": false, "experiment": 3}}, {"pk": 7, "model": "legals.tablecode", "fields": {"date": "2010-03-25", "code": "abcd", "expired": false, "experiment": 3}}, {"pk": 8, "model": "legals.tablecode", "fields": {"date": "2010-03-26", "code": "abcd", "expired": false, "experiment": 3}}, {"pk": 9, "model": "legals.tablecode", "fields": {"date": "2010-03-27", "code": "abcd", "expired": false, "experiment": 3}}, {"pk": 10, "model": "legals.tablecode", "fields": {"date": "2010-03-28", "code": "abcd", "expired": false, "experiment": 3}}, {"pk": 11, "model": "legals.tablecode", "fields": {"date": "2010-03-29", "code": "abcd", "expired": false, "experiment": 3}}, {"pk": 12, "model": "legals.tablecode", "fields": {"date": "2010-03-30", "code": "abcd", "expired": false, "experiment": 3}}, {"pk": 13, "model": "legals.tablecode", "fields": {"date": "2010-03-31", "code": "abcd", "expired": false, "experiment": 3}}, {"pk": 14, "model": "legals.tablecode", "fields": {"date": "2010-04-01", "code": "abcd", "expired": false, "experiment": 3}}, {"pk": 15, "model": "legals.tablecode", "fields": {"date": "2010-04-02", "code": "abcd", "expired": false, "experiment": 3}}, {"pk": 16, "model": "legals.tablecode", "fields": {"date": "2010-04-03", "code": "abcd", "expired": false, "experiment": 3}}, {"pk": 17, "model": "legals.tablecode", "fields": {"date": "2010-04-04", "code": "abcd", "expired": false, "experiment": 3}}, {"pk": 18, "model": "legals.tablecode", "fields": {"date": "2010-04-05", "code": "abcd", "expired": false, "experiment": 3}}, {"pk": 19, "model": "legals.tablecode", "fields": {"date": "2010-04-06", "code": "abcd", "expired": false, "experiment": 3}}, {"pk": 20, "model": "legals.tablecode", "fields": {"date": "2010-04-07", "code": "abcd", "expired": false, "experiment": 3}}, {"pk": 21, "model": "legals.tablecode", "fields": {"date": "2010-04-08", "code": "abcd", "expired": false, "experiment": 3}}, {"pk": 22, "model": "legals.tablecode", "fields": {"date": "2010-04-09", "code": "abcd", "expired": false, "experiment": 3}}, {"pk": 23, "model": "legals.tablecode", "fields": {"date": "2010-04-10", "code": "abcd", "expired": false, "experiment": 3}}, {"pk": 24, "model": "legals.tablecode", "fields": {"date": "2010-04-11", "code": "abcd", "expired": false, "experiment": 3}}, {"pk": 25, "model": "legals.tablecode", "fields": {"date": "2010-04-12", "code": "abcd", "expired": false, "experiment": 3}}, {"pk": 26, "model": "legals.tablecode", "fields": {"date": "2010-04-13", "code": "abcd", "expired": false, "experiment": 3}}, {"pk": 27, "model": "legals.tablecode", "fields": {"date": "2010-04-14", "code": "abcd", "expired": false, "experiment": 3}}, {"pk": 28, "model": "legals.tablecode", "fields": {"date": "2010-04-15", "code": "abcd", "expired": false, "experiment": 3}}, {"pk": 29, "model": "legals.tablecode", "fields": {"date": "2010-04-16", "code": "abcd", "expired": false, "experiment": 3}}, {"pk": 30, "model": "legals.tablecode", "fields": {"date": "2010-04-17", "code": "abcd", "expired": false, "experiment": 3}}, {"pk": 31, "model": "legals.tablecode", "fields": {"date": "2010-04-18", "code": "abcd", "expired": false, "experiment": 3}}, {"pk": 32, "model": "legals.tablecode", "fields": {"date": "2010-04-19", "code": "abcd", "expired": false, "experiment": 3}}, {"pk": 33, "model": "legals.tablecode", "fields": {"date": "2010-04-20", "code": "abcd", "expired": false, "experiment": 3}}, {"pk": 34, "model": "legals.tablecode", "fields": {"date": "2010-04-21", "code": "abcd", "expired": false, "experiment": 3}}, {"pk": 35, "model": "legals.tablecode", "fields": {"date": "2010-04-22", "code": "abcd", "expired": false, "experiment": 3}}, {"pk": 36, "model": "legals.tablecode", "fields": {"date": "2010-04-23", "code": "abcd", "expired": false, "experiment": 3}}, {"pk": 37, "model": "legals.tablecode", "fields": {"date": "2010-04-24", "code": "abcd", "expired": false, "experiment": 3}}, {"pk": 38, "model": "legals.tablecode", "fields": {"date": "2010-04-25", "code": "abcd", "expired": false, "experiment": 3}}, {"pk": 39, "model": "legals.tablecode", "fields": {"date": "2010-04-26", "code": "abcd", "expired": false, "experiment": 3}}, {"pk": 40, "model": "legals.tablecode", "fields": {"date": "2010-04-27", "code": "abcd", "expired": false, "experiment": 3}}, {"pk": 41, "model": "legals.tablecode", "fields": {"date": "2010-04-28", "code": "abcd", "expired": false, "experiment": 3}}, {"pk": 42, "model": "legals.tablecode", "fields": {"date": "2010-04-29", "code": "abcd", "expired": false, "experiment": 3}}, {"pk": 43, "model": "legals.tablecode", "fields": {"date": "2010-04-30", "code": "abcd", "expired": false, "experiment": 3}}, {"pk": 44, "model": "legals.tablecode", "fields": {"date": "2010-05-01", "code": "abcd", "expired": false, "experiment": 3}}, {"pk": 45, "model": "legals.tablecode", "fields": {"date": "2010-05-02", "code": "abcd", "expired": false, "experiment": 3}}, {"pk": 46, "model": "legals.tablecode", "fields": {"date": "2010-05-03", "code": "abcd", "expired": false, "experiment": 3}}, {"pk": 47, "model": "legals.tablecode", "fields": {"date": "2010-05-04", "code": "abcd", "expired": false, "experiment": 3}}, {"pk": 48, "model": "legals.tablecode", "fields": {"date": "2010-05-05", "code": "abcd", "expired": false, "experiment": 3}}, {"pk": 49, "model": "legals.tablecode", "fields": {"date": "2010-05-06", "code": "abcd", "expired": false, "experiment": 3}}, {"pk": 50, "model": "legals.tablecode", "fields": {"date": "2010-05-07", "code": "abcd", "expired": false, "experiment": 3}}, {"pk": 51, "model": "legals.tablecode", "fields": {"date": "2010-05-08", "code": "abcd", "expired": false, "experiment": 3}}, {"pk": 52, "model": "legals.tablecode", "fields": {"date": "2010-05-09", "code": "abcd", "expired": false, "experiment": 3}}, {"pk": 53, "model": "legals.tablecode", "fields": {"date": "2010-05-10", "code": "abcd", "expired": false, "experiment": 3}}, {"pk": 54, "model": "legals.tablecode", "fields": {"date": "2010-05-11", "code": "abcd", "expired": false, "experiment": 3}}, {"pk": 55, "model": "legals.tablecode", "fields": {"date": "2010-05-12", "code": "abcd", "expired": false, "experiment": 3}}, {"pk": 56, "model": "legals.tablecode", "fields": {"date": "2010-05-13", "code": "abcd", "expired": false, "experiment": 3}}, {"pk": 57, "model": "legals.tablecode", "fields": {"date": "2010-05-14", "code": "abcd", "expired": false, "experiment": 3}}, {"pk": 58, "model": "legals.tablecode", "fields": {"date": "2010-05-15", "code": "abcd", "expired": false, "experiment": 3}}, {"pk": 59, "model": "legals.tablecode", "fields": {"date": "2010-05-16", "code": "abcd", "expired": false, "experiment": 3}}, {"pk": 60, "model": "legals.tablecode", "fields": {"date": "2010-05-17", "code": "abcd", "expired": false, "experiment": 3}}, {"pk": 61, "model": "legals.tablecode", "fields": {"date": "2010-05-18", "code": "abcd", "expired": false, "experiment": 3}}, {"pk": 62, "model": "legals.tablecode", "fields": {"date": "2010-05-19", "code": "abcd", "expired": false, "experiment": 3}}, {"pk": 63, "model": "legals.tablecode", "fields": {"date": "2010-05-20", "code": "abcd", "expired": false, "experiment": 3}}, {"pk": 64, "model": "legals.tablecode", "fields": {"date": "2010-05-21", "code": "abcd", "expired": false, "experiment": 3}}, {"pk": 65, "model": "legals.tablecode", "fields": {"date": "2010-05-22", "code": "abcd", "expired": false, "experiment": 3}}, {"pk": 66, "model": "legals.tablecode", "fields": {"date": "2010-05-23", "code": "abcd", "expired": false, "experiment": 3}}, {"pk": 67, "model": "legals.tablecode", "fields": {"date": "2010-05-24", "code": "abcd", "expired": false, "experiment": 3}}, {"pk": 68, "model": "legals.tablecode", "fields": {"date": "2010-05-25", "code": "abcd", "expired": false, "experiment": 3}}, {"pk": 69, "model": "legals.tablecode", "fields": {"date": "2010-05-26", "code": "abcd", "expired": false, "experiment": 3}}, {"pk": 70, "model": "legals.tablecode", "fields": {"date": "2010-05-27", "code": "abcd", "expired": false, "experiment": 3}}, {"pk": 71, "model": "legals.tablecode", "fields": {"date": "2010-05-28", "code": "abcd", "expired": false, "experiment": 3}}, {"pk": 72, "model": "legals.tablecode", "fields": {"date": "2010-05-29", "code": "abcd", "expired": false, "experiment": 3}}, {"pk": 73, "model": "legals.tablecode", "fields": {"date": "2010-05-30", "code": "abcd", "expired": false, "experiment": 3}}, {"pk": 74, "model": "legals.tablecode", "fields": {"date": "2010-05-31", "code": "abcd", "expired": false, "experiment": 3}}, {"pk": 75, "model": "legals.tablecode", "fields": {"date": "2010-06-01", "code": "abcd", "expired": false, "experiment": 3}}, {"pk": 76, "model": "legals.tablecode", "fields": {"date": "2010-06-02", "code": "abcd", "expired": false, "experiment": 3}}, {"pk": 77, "model": "legals.tablecode", "fields": {"date": "2010-06-03", "code": "abcd", "expired": false, "experiment": 3}}, {"pk": 78, "model": "legals.tablecode", "fields": {"date": "2010-06-04", "code": "abcd", "expired": false, "experiment": 3}}, {"pk": 79, "model": "legals.tablecode", "fields": {"date": "2010-06-05", "code": "abcd", "expired": false, "experiment": 3}}, {"pk": 80, "model": "legals.tablecode", "fields": {"date": "2010-06-06", "code": "abcd", "expired": false, "experiment": 3}}, {"pk": 81, "model": "legals.tablecode", "fields": {"date": "2010-06-07", "code": "abcd", "expired": false, "experiment": 3}}, {"pk": 82, "model": "legals.tablecode", "fields": {"date": "2010-06-08", "code": "abcd", "expired": false, "experiment": 3}}, {"pk": 83, "model": "legals.tablecode", "fields": {"date": "2010-06-09", "code": "abcd", "expired": false, "experiment": 3}}, {"pk": 84, "model": "legals.tablecode", "fields": {"date": "2010-06-10", "code": "abcd", "expired": false, "experiment": 3}}, {"pk": 85, "model": "legals.tablecode", "fields": {"date": "2010-06-11", "code": "abcd", "expired": false, "experiment": 3}}, {"pk": 86, "model": "legals.tablecode", "fields": {"date": "2010-06-12", "code": "abcd", "expired": false, "experiment": 3}}, {"pk": 87, "model": "legals.tablecode", "fields": {"date": "2010-06-13", "code": "abcd", "expired": false, "experiment": 3}}, {"pk": 88, "model": "legals.tablecode", "fields": {"date": "2010-06-14", "code": "abcd", "expired": false, "experiment": 3}}, {"pk": 89, "model": "legals.tablecode", "fields": {"date": "2010-06-15", "code": "abcd", "expired": false, "experiment": 3}}, {"pk": 90, "model": "legals.tablecode", "fields": {"date": "2010-06-16", "code": "abcd", "expired": false, "experiment": 3}}, {"pk": 91, "model": "legals.tablecode", "fields": {"date": "2010-06-17", "code": "abcd", "expired": false, "experiment": 3}}, {"pk": 92, "model": "legals.tablecode", "fields": {"date": "2010-06-18", "code": "abcd", "expired": false, "experiment": 3}}, {"pk": 93, "model": "legals.tablecode", "fields": {"date": "2010-06-19", "code": "abcd", "expired": false, "experiment": 3}}, {"pk": 94, "model": "legals.tablecode", "fields": {"date": "2010-06-20", "code": "abcd", "expired": false, "experiment": 3}}, {"pk": 95, "model": "legals.tablecode", "fields": {"date": "2010-06-21", "code": "abcd", "expired": false, "experiment": 3}}, {"pk": 96, "model": "legals.tablecode", "fields": {"date": "2010-06-22", "code": "abcd", "expired": false, "experiment": 3}}, {"pk": 97, "model": "legals.tablecode", "fields": {"date": "2010-06-23", "code": "abcd", "expired": false, "experiment": 3}}, {"pk": 98, "model": "legals.tablecode", "fields": {"date": "2010-06-24", "code": "abcd", "expired": false, "experiment": 3}}, {"pk": 99, "model": "legals.tablecode", "fields": {"date": "2010-06-25", "code": "abcd", "expired": false, "experiment": 3}}, {"pk": 100, "model": "legals.tablecode", "fields": {"date": "2010-06-26", "code": "abcd", "expired": false, "experiment": 3}}, {"pk": 1, "model": "legals.category", "fields": {"name": "Sides", "description": "sides includes with some meals; additional sides are $3.95"}}, {"pk": 2, "model": "legals.category", "fields": {"name": "Chowders, Soups, and Salads", "description": "Consuming raw or undercooked meats, poultry, seafood, shellfish, or eggs may increase your risk of foodborne illness. More information about the safety of consuming raw food is available upon request."}}, {"pk": 3, "model": "legals.category", "fields": {"name": "Surf, Turf and Beyond", "description": null}}, {"pk": 4, "model": "legals.category", "fields": {"name": "Seafood Bar", "description": "Consuming raw or undercooked meats, poultry, seafood, shellfish, or eggs may increase your risk of foodborne illness. More information about the safety of consuming raw food is available upon request."}}, {"pk": 5, "model": "legals.category", "fields": {"name": "Legal Classic Dinners", "description": null}}, {"pk": 6, "model": "legals.category", "fields": {"name": "Legal Lobsters", "description": null}}, {"pk": 7, "model": "legals.category", "fields": {"name": "Fish", "description": "choice of 2 sides (see the sides section); selection of fish based on quality and avalibility; Feeling adventurous: add a flavor: Cajun Spice, Lemon Chive Butter, Chettinad (a blend of 13 Indian spices), B\u00e9arnaise Butter, Shandong Sauce (ginger and shiitake mushroom), or Thai Red Coconut Curry"}}, {"pk": 8, "model": "legals.category", "fields": {"name": "Appetizers", "description": null}}, {"pk": 9, "model": "legals.category", "fields": {"name": "Completely Legal", "description": "Chef Inspired Dinners"}}, {"pk": 1, "model": "legals.menuitem", "fields": {"category": 1, "active": true, "price": 3.9500000000000002, "name": "Mashed Potato", "description": ""}}, {"pk": 2, "model": "legals.menuitem", "fields": {"category": 1, "active": true, "price": 3.9500000000000002, "name": "Baked Potato", "description": ""}}, {"pk": 3, "model": "legals.menuitem", "fields": {"category": 1, "active": true, "price": 3.9500000000000002, "name": "Seaweed Salad", "description": ""}}, {"pk": 4, "model": "legals.menuitem", "fields": {"category": 1, "active": true, "price": 3.9500000000000002, "name": "Jasmine Rice", "description": ""}}, {"pk": 5, "model": "legals.menuitem", "fields": {"category": 1, "active": true, "price": 1.95, "name": "Cole Slaw", "description": ""}}, {"pk": 6, "model": "legals.menuitem", "fields": {"category": 1, "active": true, "price": 3.9500000000000002, "name": "Rice Pilaf", "description": ""}}, {"pk": 7, "model": "legals.menuitem", "fields": {"category": 1, "active": true, "price": 3.9500000000000002, "name": "Onion Strings", "description": ""}}, {"pk": 8, "model": "legals.menuitem", "fields": {"category": 1, "active": true, "price": 3.9500000000000002, "name": "French Fries", "description": ""}}, {"pk": 9, "model": "legals.menuitem", "fields": {"category": 1, "active": true, "price": 3.9500000000000002, "name": "Brown Rice", "description": ""}}, {"pk": 10, "model": "legals.menuitem", "fields": {"category": 1, "active": true, "price": 3.9500000000000002, "name": "Broccoli with Cheese Sauce", "description": ""}}, {"pk": 11, "model": "legals.menuitem", "fields": {"category": 1, "active": true, "price": 3.9500000000000002, "name": "Jalapeno Cheddar Polenta", "description": ""}}, {"pk": 12, "model": "legals.menuitem", "fields": {"category": 1, "active": true, "price": 3.9500000000000002, "name": "Steamed Snap Peas", "description": ""}}, {"pk": 13, "model": "legals.menuitem", "fields": {"category": 1, "active": true, "price": 3.9500000000000002, "name": "Snap Peas in Oyster Sause", "description": ""}}, {"pk": 14, "model": "legals.menuitem", "fields": {"category": 2, "active": true, "price": -2.0, "name": "New England Clam Chowder", "description": ""}}, {"pk": 15, "model": "legals.menuitem", "fields": {"category": 2, "active": true, "price": -2.0, "name": "Lite Clam Chowder", "description": ""}}, {"pk": 16, "model": "legals.menuitem", "fields": {"category": 2, "active": true, "price": -2.0, "name": "Fish Chowder", "description": ""}}, {"pk": 17, "model": "legals.menuitem", "fields": {"category": 2, "active": false, "price": -2.0, "name": "Gazpacho", "description": ""}}, {"pk": 18, "model": "legals.menuitem", "fields": {"category": 2, "active": true, "price": -2.0, "name": "Lobster Bisque", "description": ""}}, {"pk": 19, "model": "legals.menuitem", "fields": {"category": 2, "active": true, "price": 8.9499999999999993, "name": "Wedge Salad", "description": "iceberg wedge, blue cheese, bacon, tomatoes and blue cheese vinaigrette"}}, {"pk": 20, "model": "legals.menuitem", "fields": {"category": 2, "active": true, "price": -2.0, "name": "House Salad", "description": "creamy romano peppercorn dressing, cherry tomato, shaved carrot and sunflower seeds"}}, {"pk": 21, "model": "legals.menuitem", "fields": {"category": 2, "active": true, "price": -2.0, "name": "Classic Caesar Salad", "description": "romaine hearts, garlic croutons, shaved romano, creamy dressing"}}, {"pk": 22, "model": "legals.menuitem", "fields": {"category": 2, "active": true, "price": -2.0, "name": "Chopped Greek Salad", "description": "diced olives, cucumbers, tomatoes and feta"}}, {"pk": 23, "model": "legals.menuitem", "fields": {"category": 3, "active": true, "price": 36.950000000000003, "name": "Three Double Stuffed Baked Shrimp", "description": "8 oz. filet, b\u00e9arnaise butter and choice of two sides"}}, {"pk": 24, "model": "legals.menuitem", "fields": {"category": 3, "active": true, "price": 36.950000000000003, "name": "Grilled Shrimp and Scallops", "description": "8 oz. filet, b\u00e9arnaise butter and choice of two sides"}}, {"pk": 25, "model": "legals.menuitem", "fields": {"category": 3, "active": true, "price": -1.0, "name": "Three Steamed 1 - 1.25 lb. Lobster", "description": "8 oz. filet, b\u00e9arnaise butter and choice of two sides"}}, {"pk": 26, "model": "legals.menuitem", "fields": {"category": 3, "active": true, "price": 25.949999999999999, "name": "Wood Grilled Assortment", "description": "Variety is the spice of life...Try our Chef\u2019s selection of three fish (can be cooked medium rare) shrimp and scallops, choice of two sides"}}, {"pk": 27, "model": "legals.menuitem", "fields": {"category": 3, "active": true, "price": 24.949999999999999, "name": "Fried Fisherman\u2019s Platter", "description": "shrimp, scallops, calamari, clams and scrod, french fries, cole slaw"}}, {"pk": 28, "model": "legals.menuitem", "fields": {"category": 3, "active": true, "price": 26.949999999999999, "name": "Cioppino", "description": "lobster, scallops, shrimp, calamari, littlenecks, mussels and scrod in a light tomato broth with a side of jasmine rice"}}, {"pk": 29, "model": "legals.menuitem", "fields": {"category": 3, "active": true, "price": 17.949999999999999, "name": "Vegetarian Box (vegan friendly)", "description": "Asian flavored stir-fried vegetables, Thai red coconut curry sauce, cashews, tofu and brown rice (contains nuts)"}}, {"pk": 30, "model": "legals.menuitem", "fields": {"category": 3, "active": true, "price": 22.949999999999999, "name": "Vegetarian Box with Shrimp or Scallops", "description": "Asian flavored stir-fried vegetables, Thai red coconut curry sauce, cashews, tofu and brown rice (contains nuts)"}}, {"pk": 31, "model": "legals.menuitem", "fields": {"category": 3, "active": true, "price": 28.949999999999999, "name": "Filet Mignon 8 oz.", "description": "b\u00e9arnaise butter and choice of two sides (can be undercooked upon request)"}}, {"pk": 32, "model": "legals.menuitem", "fields": {"category": 3, "active": true, "price": 18.949999999999999, "name": "Oven Roasted Herbed Chicken", "description": "sweet potato mashed, broccoli and lemon butter sauce"}}, {"pk": 33, "model": "legals.menuitem", "fields": {"category": 4, "active": true, "price": -1.0, "name": "Raw Oysters", "description": "avaliable from one oyster to a dozen; Featured Varieties (ask for today's selection): Kumamoto (fresh cucumber taste with a creamy finish); P.E.I. (assertive, briny and earthy tones with a clean ocean finish); West Coast (sweet citrus briny start with an earthy, fruit finish); East Coast (clean North Atlantic flavor)"}}, {"pk": 34, "model": "legals.menuitem", "fields": {"category": 4, "active": true, "price": -2.0, "name": "Littleneck Raw Clams", "description": "Littlenecks or Cherrystones"}}, {"pk": 35, "model": "legals.menuitem", "fields": {"category": 4, "active": true, "price": -2.0, "name": "Cherrystone Raw Clams", "description": "Littlenecks or Cherrystones"}}, {"pk": 36, "model": "legals.menuitem", "fields": {"category": 4, "active": true, "price": 31.949999999999999, "name": "Treasures of the Reef Small (serves 2-4)", "description": "an assortment of freshly shucked and chilled raw shellfish"}}, {"pk": 37, "model": "legals.menuitem", "fields": {"category": 4, "active": true, "price": 57.950000000000003, "name": "Treasures of the Reef Large (serves 4-8)", "description": "an assortment of freshly shucked and chilled raw shellfish"}}, {"pk": 38, "model": "legals.menuitem", "fields": {"category": 4, "active": true, "price": 13.5, "name": "Blackened Raw Tuna \u201cSashimi\u201d", "description": "pan seared and sliced with sesame chili vinaigrette, seaweed salad and wasabi"}}, {"pk": 39, "model": "legals.menuitem", "fields": {"category": 4, "active": true, "price": 13.949999999999999, "name": "Jumbo Shrimp Cocktail", "description": ""}}, {"pk": 40, "model": "legals.menuitem", "fields": {"category": 4, "active": true, "price": 12.5, "name": "Smoked Salmon", "description": "served chilled with homemade toasted brioche"}}, {"pk": 41, "model": "legals.menuitem", "fields": {"category": 4, "active": true, "price": 12.949999999999999, "name": "Steamers", "description": "with drawn butter"}}, {"pk": 42, "model": "legals.menuitem", "fields": {"category": 4, "active": true, "price": 9.9499999999999993, "name": "Mussels", "description": "1 1/2 pounds saut\u00e9ed with garlic, white wine and crushed red pepper"}}, {"pk": 43, "model": "legals.menuitem", "fields": {"category": 5, "active": true, "price": 19.949999999999999, "name": "New England Fried Clams", "description": "whole-bellied, sweet and petite, french fries, cole slaw"}}, {"pk": 44, "model": "legals.menuitem", "fields": {"category": 5, "active": true, "price": 19.949999999999999, "name": "Shrimp and Garlic", "description": "saut\u00e9ed with tomato, scallions and mushrooms, tossed with fresh pasta"}}, {"pk": 45, "model": "legals.menuitem", "fields": {"category": 5, "active": true, "price": -1.0, "name": "Lobster Roll", "description": "freshly shucked native lobster, celery mayo, brioche bun, french fries and cole slaw"}}, {"pk": 46, "model": "legals.menuitem", "fields": {"category": 5, "active": true, "price": 16.949999999999999, "name": "Fish and Chips", "description": "dayboat cod and haddock, regular or spicy with cole slaw"}}, {"pk": 47, "model": "legals.menuitem", "fields": {"category": 5, "active": true, "price": 19.949999999999999, "name": "Anna\u2019s Baked Boston Scrod", "description": "topped with crumbs and tomatoes, rice pilaf, seasonal vegetables"}}, {"pk": 48, "model": "legals.menuitem", "fields": {"category": 5, "active": true, "price": 19.949999999999999, "name": "Jasmine Special", "description": "steamed shrimp and broccoli over jasmine rice with melted monterey jack cheese"}}, {"pk": 49, "model": "legals.menuitem", "fields": {"category": 5, "active": true, "price": 19.949999999999999, "name": "Jasmine Special with Brown Rice", "description": "steamed shrimp and broccoli over jasmine rice with melted monterey jack cheese"}}, {"pk": 50, "model": "legals.menuitem", "fields": {"category": 6, "active": true, "price": -1.0, "name": "New England Lobster Bake", "description": "start with a cup of our famous clam chowder, followed by a plate of steamers, mussels, chouri\u00e7o, corn on the cob and a steamed 1-1.25 lb. lobster (larger sizes available please inquire)"}}, {"pk": 51, "model": "legals.menuitem", "fields": {"category": 6, "active": true, "price": -1.0, "name": "Steamed Lobster", "description": "inquire on size"}}, {"pk": 52, "model": "legals.menuitem", "fields": {"category": 7, "active": false, "price": 25.949999999999999, "name": "Wild Salmon", "description": "choice of two sides"}}, {"pk": 53, "model": "legals.menuitem", "fields": {"category": 7, "active": true, "price": 26.949999999999999, "name": "Swordfish", "description": "10 oz. center prime cut; tested for purity; choice of two sides"}}, {"pk": 54, "model": "legals.menuitem", "fields": {"category": 7, "active": true, "price": 25.949999999999999, "name": "Tuna", "description": "cooked medium rare; tested for purity; choice of two sides"}}, {"pk": 55, "model": "legals.menuitem", "fields": {"category": 7, "active": true, "price": 22.949999999999999, "name": "Arctic Char", "description": "10 oz.; choice of two sides"}}, {"pk": 56, "model": "legals.menuitem", "fields": {"category": 7, "active": true, "price": 17.949999999999999, "name": "Rainbow Trout", "description": "10 oz.; choice of two sides"}}, {"pk": 57, "model": "legals.menuitem", "fields": {"category": 7, "active": true, "price": 17.949999999999999, "name": "Bluefish", "description": "choice of two sides"}}, {"pk": 58, "model": "legals.menuitem", "fields": {"category": 7, "active": false, "price": 21.949999999999999, "name": "Barramundi", "description": ""}}, {"pk": 59, "model": "legals.menuitem", "fields": {"category": 7, "active": true, "price": 22.5, "name": "Atlantic Salmon", "description": "choice of two sides"}}, {"pk": 60, "model": "legals.menuitem", "fields": {"category": 7, "active": false, "price": 22.5, "name": "Atlantic Salmon Crispy Fried", "description": "choice of two sides"}}, {"pk": 61, "model": "legals.menuitem", "fields": {"category": 7, "active": true, "price": 19.949999999999999, "name": "Shrimp", "description": "choice of two sides"}}, {"pk": 62, "model": "legals.menuitem", "fields": {"category": 7, "active": true, "price": 22.949999999999999, "name": "Sea Scallops", "description": "choice of two sides"}}, {"pk": 63, "model": "legals.menuitem", "fields": {"category": 7, "active": true, "price": 18.949999999999999, "name": "Haddock", "description": "choice of two sides"}}, {"pk": 64, "model": "legals.menuitem", "fields": {"category": 8, "active": true, "price": 25.949999999999999, "name": "Legal Experience", "description": "sample our blackened raw* tuna \u201csashimi\u201d, steamed wontons, shrimp cocktail and crab cakes"}}, {"pk": 65, "model": "legals.menuitem", "fields": {"category": 8, "active": true, "price": 14.5, "name": "Legal\u2019s Signature Crab Cake", "description": "lump crab, mustard sauce, seasonal salad (contains nuts)"}}, {"pk": 66, "model": "legals.menuitem", "fields": {"category": 8, "active": true, "price": 13.949999999999999, "name": "Oysters Legal", "description": "baked with spinach, cheese and crumbs"}}, {"pk": 67, "model": "legals.menuitem", "fields": {"category": 8, "active": true, "price": 11.949999999999999, "name": "Hot Lump Crab Dip with Seafood Chips", "description": "lump crab, horseradish, cheddar and cream cheese"}}, {"pk": 68, "model": "legals.menuitem", "fields": {"category": 8, "active": true, "price": 10.949999999999999, "name": "Coconut Shrimp", "description": "curry battered, rolled in coconut chips and fried, with orange ginger marmalade"}}, {"pk": 69, "model": "legals.menuitem", "fields": {"category": 8, "active": true, "price": 10.949999999999999, "name": "Crispy Montauk Calamari", "description": "regular, spicy, Rhode Island style (hot peppers and garlic) or Thai style (pineapple and peanuts)"}}, {"pk": 70, "model": "legals.menuitem", "fields": {"category": 8, "active": true, "price": 12.949999999999999, "name": "New England Fried Clams", "description": "whole-bellied, sweet and petite, piled high atop homemade cornbread"}}, {"pk": 71, "model": "legals.menuitem", "fields": {"category": 8, "active": true, "price": 9.5, "name": "Shrimp Wontons", "description": "steamed or fried, with seaweed salad"}}, {"pk": 72, "model": "legals.menuitem", "fields": {"category": 8, "active": true, "price": 9.9499999999999993, "name": "Popcorn Shrimp", "description": ""}}, {"pk": 73, "model": "legals.menuitem", "fields": {"category": 8, "active": true, "price": 4.9500000000000002, "name": "Steamed Edamame", "description": "tossed with seasoned salt"}}, {"pk": 74, "model": "legals.menuitem", "fields": {"category": 7, "active": true, "price": 22.949999999999999, "name": "Mahi Mahi", "description": "also available crispy fried; choice of two sides"}}, {"pk": 75, "model": "legals.menuitem", "fields": {"category": 6, "active": true, "price": -1.0, "name": "Baked Stuffed Lobsters", "description": "$5.00 more than regular lobsters; baked and stuffed with a shrimp and scallop buttery cracker stuffing"}}, {"pk": 76, "model": "legals.menuitem", "fields": {"category": 9, "active": true, "price": 26.949999999999999, "name": "Legal's Signature Crab Cakes (Combo)", "description": "one crab cake, grilled shrimp and scallops; jumbo lump crab, mustard sauce, seasaonal salad (contains nuts)"}}, {"pk": 77, "model": "legals.menuitem", "fields": {"category": 9, "active": true, "price": 27.949999999999999, "name": "Legal's Signature Crab Cakes (Dinner)", "description": "two crab cakes; jumbo lump crab, mustard sauce, seasaonal salad (contains nuts)"}}, {"pk": 78, "model": "legals.menuitem", "fields": {"category": 9, "active": true, "price": 24.949999999999999, "name": "Double Stuffed Baked Shrimp", "description": "jumbo shrimp, buttery crabmeat stuffing, choice of one side"}}, {"pk": 79, "model": "legals.menuitem", "fields": {"category": 9, "active": true, "price": 29.949999999999999, "name": "Steamed Jumbo Snow Crab Legs", "description": "cornbread, cole slaw and melted butter"}}, {"pk": 80, "model": "legals.menuitem", "fields": {"category": 9, "active": true, "price": 23.949999999999999, "name": "Nutty Atlantic Salmon", "description": "almond encrusted, sauteed in a lemon caper butter sauce, mushroom ravioli and spinach"}}, {"pk": 81, "model": "legals.menuitem", "fields": {"category": 9, "active": true, "price": 26.949999999999999, "name": "Red Onion Jam Swordfish", "description": "10 oz. center prime cut, rice pilaf, sauteed sherry mushrooms and spinach"}}, {"pk": 82, "model": "legals.menuitem", "fields": {"category": 9, "active": true, "price": 25.949999999999999, "name": "Everything Tuna", "description": "grilled with everything spice mix, roasted red pepper and cold cucumber sauce, jasmine rice, spinach (cooked medium rare)"}}, {"pk": 1, "model": "legals.optionprice", "fields": {"item": 14, "option_two": "bowl", "price_one": 4.75, "option_one": "cup", "price_two": 6.75}}, {"pk": 2, "model": "legals.optionprice", "fields": {"item": 15, "option_two": "bowl", "price_one": 4.75, "option_one": "cup", "price_two": 6.75}}, {"pk": 3, "model": "legals.optionprice", "fields": {"item": 16, "option_two": "bowl", "price_one": 4.75, "option_one": "cup", "price_two": 6.75}}, {"pk": 4, "model": "legals.optionprice", "fields": {"item": 17, "option_two": "bowl", "price_one": 4.5, "option_one": "cup", "price_two": 6.5}}, {"pk": 5, "model": "legals.optionprice", "fields": {"item": 18, "option_two": "bowl", "price_one": 6.9500000000000002, "option_one": "cup", "price_two": 9.9499999999999993}}, {"pk": 6, "model": "legals.optionprice", "fields": {"item": 20, "option_two": "full", "price_one": 5.5, "option_one": "half", "price_two": 7.5}}, {"pk": 7, "model": "legals.optionprice", "fields": {"item": 21, "option_two": "full", "price_one": 5.5, "option_one": "half", "price_two": 7.5}}, {"pk": 8, "model": "legals.optionprice", "fields": {"item": 22, "option_two": "full", "price_one": 6.5, "option_one": "half", "price_two": 8.5}}, {"pk": 9, "model": "legals.optionprice", "fields": {"item": 34, "option_two": "twelve", "price_one": 6.9500000000000002, "option_one": "six", "price_two": 11.949999999999999}}, {"pk": 10, "model": "legals.optionprice", "fields": {"item": 35, "option_two": "twelve", "price_one": 6.9500000000000002, "option_one": "six", "price_two": 11.949999999999999}}]
