[{"pk": 1, "model": "legals.store", "fields": {"city": null, "state": null, "name": "Legal Sea Foods", "phone": null, "address": null}}, {"pk": 1, "model": "legals.tablecode", "fields": {"date": "2010-02-20", "code": "abcd"}}, {"pk": 2, "model": "legals.tablecode", "fields": {"date": "2010-02-21", "code": "abcd"}}, {"pk": 3, "model": "legals.tablecode", "fields": {"date": "2010-02-22", "code": "abcd"}}, {"pk": 4, "model": "legals.tablecode", "fields": {"date": "2010-02-23", "code": "abcd"}}, {"pk": 5, "model": "legals.tablecode", "fields": {"date": "2010-02-24", "code": "abcd"}}, {"pk": 6, "model": "legals.tablecode", "fields": {"date": "2010-02-25", "code": "abcd"}}, {"pk": 7, "model": "legals.tablecode", "fields": {"date": "2010-02-26", "code": "abcd"}}, {"pk": 8, "model": "legals.tablecode", "fields": {"date": "2010-02-27", "code": "abcd"}}, {"pk": 9, "model": "legals.tablecode", "fields": {"date": "2010-02-28", "code": "abcd"}}, {"pk": 10, "model": "legals.tablecode", "fields": {"date": "2010-03-01", "code": "abcd"}}, {"pk": 11, "model": "legals.tablecode", "fields": {"date": "2010-03-02", "code": "abcd"}}, {"pk": 12, "model": "legals.tablecode", "fields": {"date": "2010-03-03", "code": "abcd"}}, {"pk": 13, "model": "legals.tablecode", "fields": {"date": "2010-03-04", "code": "abcd"}}, {"pk": 14, "model": "legals.tablecode", "fields": {"date": "2010-03-05", "code": "abcd"}}, {"pk": 15, "model": "legals.tablecode", "fields": {"date": "2010-03-06", "code": "abcd"}}, {"pk": 16, "model": "legals.tablecode", "fields": {"date": "2010-03-07", "code": "abcd"}}, {"pk": 17, "model": "legals.tablecode", "fields": {"date": "2010-03-08", "code": "abcd"}}, {"pk": 18, "model": "legals.tablecode", "fields": {"date": "2010-03-09", "code": "abcd"}}, {"pk": 19, "model": "legals.tablecode", "fields": {"date": "2010-03-10", "code": "abcd"}}, {"pk": 20, "model": "legals.tablecode", "fields": {"date": "2010-03-11", "code": "abcd"}}, {"pk": 21, "model": "legals.tablecode", "fields": {"date": "2010-03-12", "code": "abcd"}}, {"pk": 22, "model": "legals.tablecode", "fields": {"date": "2010-03-13", "code": "abcd"}}, {"pk": 23, "model": "legals.tablecode", "fields": {"date": "2010-03-14", "code": "abcd"}}, {"pk": 24, "model": "legals.tablecode", "fields": {"date": "2010-03-15", "code": "abcd"}}, {"pk": 25, "model": "legals.tablecode", "fields": {"date": "2010-03-16", "code": "abcd"}}, {"pk": 26, "model": "legals.tablecode", "fields": {"date": "2010-03-17", "code": "abcd"}}, {"pk": 27, "model": "legals.tablecode", "fields": {"date": "2010-03-18", "code": "abcd"}}, {"pk": 28, "model": "legals.tablecode", "fields": {"date": "2010-03-19", "code": "abcd"}}, {"pk": 29, "model": "legals.tablecode", "fields": {"date": "2010-03-20", "code": "abcd"}}, {"pk": 30, "model": "legals.tablecode", "fields": {"date": "2010-03-21", "code": "abcd"}}, {"pk": 31, "model": "legals.tablecode", "fields": {"date": "2010-03-22", "code": "abcd"}}, {"pk": 32, "model": "legals.tablecode", "fields": {"date": "2010-03-23", "code": "abcd"}}, {"pk": 33, "model": "legals.tablecode", "fields": {"date": "2010-03-24", "code": "abcd"}}, {"pk": 34, "model": "legals.tablecode", "fields": {"date": "2010-03-25", "code": "abcd"}}, {"pk": 35, "model": "legals.tablecode", "fields": {"date": "2010-03-26", "code": "abcd"}}, {"pk": 36, "model": "legals.tablecode", "fields": {"date": "2010-03-27", "code": "abcd"}}, {"pk": 37, "model": "legals.tablecode", "fields": {"date": "2010-03-28", "code": "abcd"}}, {"pk": 38, "model": "legals.tablecode", "fields": {"date": "2010-03-29", "code": "abcd"}}, {"pk": 39, "model": "legals.tablecode", "fields": {"date": "2010-03-30", "code": "abcd"}}, {"pk": 40, "model": "legals.tablecode", "fields": {"date": "2010-03-31", "code": "abcd"}}, {"pk": 41, "model": "legals.tablecode", "fields": {"date": "2010-04-01", "code": "abcd"}}, {"pk": 42, "model": "legals.tablecode", "fields": {"date": "2010-04-02", "code": "abcd"}}, {"pk": 43, "model": "legals.tablecode", "fields": {"date": "2010-04-03", "code": "abcd"}}, {"pk": 44, "model": "legals.tablecode", "fields": {"date": "2010-04-04", "code": "abcd"}}, {"pk": 45, "model": "legals.tablecode", "fields": {"date": "2010-04-05", "code": "abcd"}}, {"pk": 46, "model": "legals.tablecode", "fields": {"date": "2010-04-06", "code": "abcd"}}, {"pk": 47, "model": "legals.tablecode", "fields": {"date": "2010-04-07", "code": "abcd"}}, {"pk": 48, "model": "legals.tablecode", "fields": {"date": "2010-04-08", "code": "abcd"}}, {"pk": 49, "model": "legals.tablecode", "fields": {"date": "2010-04-09", "code": "abcd"}}, {"pk": 50, "model": "legals.tablecode", "fields": {"date": "2010-04-10", "code": "abcd"}}, {"pk": 51, "model": "legals.tablecode", "fields": {"date": "2010-04-11", "code": "abcd"}}, {"pk": 52, "model": "legals.tablecode", "fields": {"date": "2010-04-12", "code": "abcd"}}, {"pk": 53, "model": "legals.tablecode", "fields": {"date": "2010-04-13", "code": "abcd"}}, {"pk": 54, "model": "legals.tablecode", "fields": {"date": "2010-04-14", "code": "abcd"}}, {"pk": 55, "model": "legals.tablecode", "fields": {"date": "2010-04-15", "code": "abcd"}}, {"pk": 56, "model": "legals.tablecode", "fields": {"date": "2010-04-16", "code": "abcd"}}, {"pk": 57, "model": "legals.tablecode", "fields": {"date": "2010-04-17", "code": "abcd"}}, {"pk": 58, "model": "legals.tablecode", "fields": {"date": "2010-04-18", "code": "abcd"}}, {"pk": 59, "model": "legals.tablecode", "fields": {"date": "2010-04-19", "code": "abcd"}}, {"pk": 60, "model": "legals.tablecode", "fields": {"date": "2010-04-20", "code": "abcd"}}, {"pk": 61, "model": "legals.tablecode", "fields": {"date": "2010-04-21", "code": "abcd"}}, {"pk": 62, "model": "legals.tablecode", "fields": {"date": "2010-04-22", "code": "abcd"}}, {"pk": 63, "model": "legals.tablecode", "fields": {"date": "2010-04-23", "code": "abcd"}}, {"pk": 64, "model": "legals.tablecode", "fields": {"date": "2010-04-24", "code": "abcd"}}, {"pk": 65, "model": "legals.tablecode", "fields": {"date": "2010-04-25", "code": "abcd"}}, {"pk": 66, "model": "legals.tablecode", "fields": {"date": "2010-04-26", "code": "abcd"}}, {"pk": 67, "model": "legals.tablecode", "fields": {"date": "2010-04-27", "code": "abcd"}}, {"pk": 68, "model": "legals.tablecode", "fields": {"date": "2010-04-28", "code": "abcd"}}, {"pk": 69, "model": "legals.tablecode", "fields": {"date": "2010-04-29", "code": "abcd"}}, {"pk": 70, "model": "legals.tablecode", "fields": {"date": "2010-04-30", "code": "abcd"}}, {"pk": 71, "model": "legals.tablecode", "fields": {"date": "2010-05-01", "code": "abcd"}}, {"pk": 72, "model": "legals.tablecode", "fields": {"date": "2010-05-02", "code": "abcd"}}, {"pk": 73, "model": "legals.tablecode", "fields": {"date": "2010-05-03", "code": "abcd"}}, {"pk": 74, "model": "legals.tablecode", "fields": {"date": "2010-05-04", "code": "abcd"}}, {"pk": 75, "model": "legals.tablecode", "fields": {"date": "2010-05-05", "code": "abcd"}}, {"pk": 76, "model": "legals.tablecode", "fields": {"date": "2010-05-06", "code": "abcd"}}, {"pk": 77, "model": "legals.tablecode", "fields": {"date": "2010-05-07", "code": "abcd"}}, {"pk": 78, "model": "legals.tablecode", "fields": {"date": "2010-05-08", "code": "abcd"}}, {"pk": 79, "model": "legals.tablecode", "fields": {"date": "2010-05-09", "code": "abcd"}}, {"pk": 80, "model": "legals.tablecode", "fields": {"date": "2010-05-10", "code": "abcd"}}, {"pk": 81, "model": "legals.tablecode", "fields": {"date": "2010-05-11", "code": "abcd"}}, {"pk": 82, "model": "legals.tablecode", "fields": {"date": "2010-05-12", "code": "abcd"}}, {"pk": 83, "model": "legals.tablecode", "fields": {"date": "2010-05-13", "code": "abcd"}}, {"pk": 84, "model": "legals.tablecode", "fields": {"date": "2010-05-14", "code": "abcd"}}, {"pk": 85, "model": "legals.tablecode", "fields": {"date": "2010-05-15", "code": "abcd"}}, {"pk": 86, "model": "legals.tablecode", "fields": {"date": "2010-05-16", "code": "abcd"}}, {"pk": 87, "model": "legals.tablecode", "fields": {"date": "2010-05-17", "code": "abcd"}}, {"pk": 88, "model": "legals.tablecode", "fields": {"date": "2010-05-18", "code": "abcd"}}, {"pk": 89, "model": "legals.tablecode", "fields": {"date": "2010-05-19", "code": "abcd"}}, {"pk": 90, "model": "legals.tablecode", "fields": {"date": "2010-05-20", "code": "abcd"}}, {"pk": 91, "model": "legals.tablecode", "fields": {"date": "2010-05-21", "code": "abcd"}}, {"pk": 92, "model": "legals.tablecode", "fields": {"date": "2010-05-22", "code": "abcd"}}, {"pk": 93, "model": "legals.tablecode", "fields": {"date": "2010-05-23", "code": "abcd"}}, {"pk": 94, "model": "legals.tablecode", "fields": {"date": "2010-05-24", "code": "abcd"}}, {"pk": 95, "model": "legals.tablecode", "fields": {"date": "2010-05-25", "code": "abcd"}}, {"pk": 96, "model": "legals.tablecode", "fields": {"date": "2010-05-26", "code": "abcd"}}, {"pk": 97, "model": "legals.tablecode", "fields": {"date": "2010-05-27", "code": "abcd"}}, {"pk": 98, "model": "legals.tablecode", "fields": {"date": "2010-05-28", "code": "abcd"}}, {"pk": 99, "model": "legals.tablecode", "fields": {"date": "2010-05-29", "code": "abcd"}}, {"pk": 100, "model": "legals.tablecode", "fields": {"date": "2010-05-30", "code": "abcd"}}, {"pk": 1, "model": "legals.category", "fields": {"name": "Sides", "description": "sides includes with some meals; additional sides are $3.95"}}, {"pk": 2, "model": "legals.category", "fields": {"name": "Chowders, Soups, and Salads", "description": "Consuming raw or undercooked meats, poultry, seafood, shellfish, or eggs may increase your risk of foodborne illness. More information about the safety of consuming raw food is available upon request."}}, {"pk": 3, "model": "legals.category", "fields": {"name": "Surf, Turf and Beyond", "description": null}}, {"pk": 4, "model": "legals.category", "fields": {"name": "Seafood Bar", "description": "Consuming raw or undercooked meats, poultry, seafood, shellfish, or eggs may increase your risk of foodborne illness. More information about the safety of consuming raw food is available upon request."}}, {"pk": 5, "model": "legals.category", "fields": {"name": "Legal Classic Dinners", "description": null}}, {"pk": 6, "model": "legals.category", "fields": {"name": "Legal Lobsters", "description": null}}, {"pk": 7, "model": "legals.category", "fields": {"name": "Fish", "description": "choice of 2 sides (see the sides section); selection of fish based on quality and avalibility; Feeling adventurous: add a flavor: Cajun Spice, Lemon Chive Butter, Chettinad (a blend of 13 Indian spices), B\u00e9arnaise Butter, Shandong Sauce (ginger and shiitake mushroom), or Thai Red Coconut Curry"}}, {"pk": 8, "model": "legals.category", "fields": {"name": "Appetizers", "description": null}}, {"pk": 1, "model": "legals.menuitem", "fields": {"category": 1, "active": true, "price": 3.9500000000000002, "name": "Mashed Potato", "description": ""}}, {"pk": 2, "model": "legals.menuitem", "fields": {"category": 1, "active": true, "price": 3.9500000000000002, "name": "Baked Potato", "description": ""}}, {"pk": 3, "model": "legals.menuitem", "fields": {"category": 1, "active": true, "price": 3.9500000000000002, "name": "Seaweed Salad", "description": ""}}, {"pk": 4, "model": "legals.menuitem", "fields": {"category": 1, "active": true, "price": 3.9500000000000002, "name": "Jasmine Rice", "description": ""}}, {"pk": 5, "model": "legals.menuitem", "fields": {"category": 1, "active": true, "price": 1.95, "name": "Cole Slaw", "description": ""}}, {"pk": 6, "model": "legals.menuitem", "fields": {"category": 1, "active": true, "price": 3.9500000000000002, "name": "Rice Pilaf", "description": ""}}, {"pk": 7, "model": "legals.menuitem", "fields": {"category": 1, "active": true, "price": 3.9500000000000002, "name": "Onion Strings", "description": ""}}, {"pk": 8, "model": "legals.menuitem", "fields": {"category": 1, "active": true, "price": 3.9500000000000002, "name": "French Fries", "description": ""}}, {"pk": 9, "model": "legals.menuitem", "fields": {"category": 1, "active": true, "price": 3.9500000000000002, "name": "Brown Rice", "description": ""}}, {"pk": 10, "model": "legals.menuitem", "fields": {"category": 1, "active": true, "price": 3.9500000000000002, "name": "Broccoli with Cheese Sauce", "description": ""}}, {"pk": 11, "model": "legals.menuitem", "fields": {"category": 1, "active": true, "price": 3.9500000000000002, "name": "Jalapeno Cheddar Polenta", "description": ""}}, {"pk": 12, "model": "legals.menuitem", "fields": {"category": 1, "active": true, "price": 3.9500000000000002, "name": "Steamed Snap Peas", "description": ""}}, {"pk": 13, "model": "legals.menuitem", "fields": {"category": 1, "active": true, "price": 3.9500000000000002, "name": "Snap Peas in Oyster Sause", "description": ""}}, {"pk": 14, "model": "legals.menuitem", "fields": {"category": 2, "active": true, "price": -2.0, "name": "New England Clam Chowder", "description": ""}}, {"pk": 15, "model": "legals.menuitem", "fields": {"category": 2, "active": true, "price": -2.0, "name": "Lite Clam Chowder", "description": ""}}, {"pk": 16, "model": "legals.menuitem", "fields": {"category": 2, "active": true, "price": -2.0, "name": "Fish Chowder", "description": ""}}, {"pk": 17, "model": "legals.menuitem", "fields": {"category": 2, "active": true, "price": -2.0, "name": "Gazpacho", "description": ""}}, {"pk": 18, "model": "legals.menuitem", "fields": {"category": 2, "active": true, "price": -2.0, "name": "Lobster Bisque", "description": ""}}, {"pk": 19, "model": "legals.menuitem", "fields": {"category": 2, "active": true, "price": 8.9499999999999993, "name": "Wedge Salad", "description": "iceberg wedge, blue cheese, bacon, tomatoes and blue cheese vinaigrette"}}, {"pk": 20, "model": "legals.menuitem", "fields": {"category": 2, "active": true, "price": -2.0, "name": "House Salad", "description": "creamy romano peppercorn dressing, cherry tomato, shaved carrot and sunflower seeds"}}, {"pk": 21, "model": "legals.menuitem", "fields": {"category": 2, "active": true, "price": -2.0, "name": "Classic Caesar Salad", "description": "romaine hearts, garlic croutons, shaved romano, creamy dressing"}}, {"pk": 22, "model": "legals.menuitem", "fields": {"category": 2, "active": true, "price": -2.0, "name": "Chopped Greek Salad", "description": "diced olives, cucumbers, tomatoes and feta"}}, {"pk": 23, "model": "legals.menuitem", "fields": {"category": 3, "active": true, "price": 36.950000000000003, "name": "Three Double Stuffed Baked Shrimp", "description": "8 oz. filet, b\u00e9arnaise butter and choice of two sides"}}, {"pk": 24, "model": "legals.menuitem", "fields": {"category": 3, "active": true, "price": 36.950000000000003, "name": "Grilled Shrimp and Scallops", "description": "8 oz. filet, b\u00e9arnaise butter and choice of two sides"}}, {"pk": 25, "model": "legals.menuitem", "fields": {"category": 3, "active": true, "price": -1.0, "name": "Three Steamed 1 - 1.25 lb. Lobster", "description": "8 oz. filet, b\u00e9arnaise butter and choice of two sides"}}, {"pk": 26, "model": "legals.menuitem", "fields": {"category": 3, "active": true, "price": 25.949999999999999, "name": "Wood Grilled Assortment", "description": "Variety is the spice of life...Try our Chef\u2019s selection of three fish (can be cooked medium rare) shrimp and scallops, choice of two sides"}}, {"pk": 27, "model": "legals.menuitem", "fields": {"category": 3, "active": true, "price": 23.949999999999999, "name": "Fried Fisherman\u2019s Platter", "description": "shrimp, scallops, calamari, clams and scrod, french fries, cole slaw"}}, {"pk": 28, "model": "legals.menuitem", "fields": {"category": 3, "active": true, "price": 25.949999999999999, "name": "Cioppino", "description": "lobster, scallops, shrimp, calamari, littlenecks, mussels and scrod in a light tomato broth with a side of jasmine rice"}}, {"pk": 29, "model": "legals.menuitem", "fields": {"category": 3, "active": true, "price": 17.949999999999999, "name": "Vegetarian Box (vegan friendly)", "description": "Asian flavored stir-fried vegetables, Thai red coconut curry sauce, cashews, tofu and brown rice (contains nuts)"}}, {"pk": 30, "model": "legals.menuitem", "fields": {"category": 3, "active": true, "price": 22.949999999999999, "name": "Vegetarian Box with Shrimp or Scallops", "description": "Asian flavored stir-fried vegetables, Thai red coconut curry sauce, cashews, tofu and brown rice (contains nuts)"}}, {"pk": 31, "model": "legals.menuitem", "fields": {"category": 3, "active": true, "price": 27.949999999999999, "name": "Filet Mignon 8 oz.", "description": "b\u00e9arnaise butter and choice of two sides (can be undercooked upon request)"}}, {"pk": 32, "model": "legals.menuitem", "fields": {"category": 3, "active": true, "price": 17.949999999999999, "name": "Oven Roasted Herbed Chicken", "description": "mashed potatoes and broccoli with cheese sauce"}}, {"pk": 33, "model": "legals.menuitem", "fields": {"category": 4, "active": true, "price": -1.0, "name": "Raw Oysters", "description": "avaliable from one oyster to a dozen; Featured Varieties (ask for today's selection): Kumamoto (fresh cucumber taste with a creamy finish); P.E.I. (assertive, briny and earthy tones with a clean ocean finish); West Coast (sweet citrus briny start with an earthy, fruit finish); East Coast (clean North Atlantic flavor)"}}, {"pk": 34, "model": "legals.menuitem", "fields": {"category": 4, "active": true, "price": -2.0, "name": "Littleneck Raw Clams", "description": "Littlenecks or Cherrystones"}}, {"pk": 35, "model": "legals.menuitem", "fields": {"category": 4, "active": true, "price": 9.9499999999999993, "name": "Cherrystone Twelve Raw Clams", "description": "Littlenecks or Cherrystones"}}, {"pk": 36, "model": "legals.menuitem", "fields": {"category": 4, "active": true, "price": 31.949999999999999, "name": "Treasures of the Reef Small (serves 2-4)", "description": "an assortment of freshly shucked and chilled raw shellfish"}}, {"pk": 37, "model": "legals.menuitem", "fields": {"category": 4, "active": true, "price": 57.950000000000003, "name": "Treasures of the Reef Large (serves 4-8)", "description": "an assortment of freshly shucked and chilled raw shellfish"}}, {"pk": 38, "model": "legals.menuitem", "fields": {"category": 4, "active": true, "price": 13.5, "name": "Blackened Raw Tuna \u201cSashimi\u201d", "description": "pan seared and sliced with sesame chili vinaigrette, seaweed salad and wasabi"}}, {"pk": 39, "model": "legals.menuitem", "fields": {"category": 4, "active": true, "price": 13.5, "name": "Jumbo Shrimp Cocktail", "description": ""}}, {"pk": 40, "model": "legals.menuitem", "fields": {"category": 4, "active": true, "price": 11.949999999999999, "name": "Smoked Salmon", "description": "served chilled with homemade toasted brioche"}}, {"pk": 41, "model": "legals.menuitem", "fields": {"category": 4, "active": true, "price": 12.949999999999999, "name": "Steamers", "description": "with drawn butter"}}, {"pk": 42, "model": "legals.menuitem", "fields": {"category": 4, "active": true, "price": 9.9499999999999993, "name": "Mussels", "description": "1 1/2 pounds saut\u00e9ed with garlic, white wine and crushed red pepper"}}, {"pk": 43, "model": "legals.menuitem", "fields": {"category": 5, "active": true, "price": 19.949999999999999, "name": "New England Fried Clams", "description": "whole-bellied, sweet and petite, french fries, cole slaw"}}, {"pk": 44, "model": "legals.menuitem", "fields": {"category": 5, "active": true, "price": 19.949999999999999, "name": "Shrimp and Garlic", "description": "saut\u00e9ed with tomato, scallions and mushrooms, tossed with fresh pasta"}}, {"pk": 45, "model": "legals.menuitem", "fields": {"category": 5, "active": true, "price": -1.0, "name": "Lobster Roll", "description": "freshly shucked native lobster, celery mayo, brioche bun, french fries and cole slaw"}}, {"pk": 46, "model": "legals.menuitem", "fields": {"category": 5, "active": true, "price": 15.949999999999999, "name": "Fish and Chips", "description": "dayboat cod and haddock, regular or spicy with cole slaw"}}, {"pk": 47, "model": "legals.menuitem", "fields": {"category": 5, "active": true, "price": 18.949999999999999, "name": "Anna\u2019s Baked Boston Scrod", "description": "topped with crumbs and tomatoes, rice pilaf, seasonal vegetables"}}, {"pk": 48, "model": "legals.menuitem", "fields": {"category": 5, "active": true, "price": 18.949999999999999, "name": "Jasmine Special", "description": "steamed shrimp and broccoli over jasmine rice with melted monterey jack cheese"}}, {"pk": 49, "model": "legals.menuitem", "fields": {"category": 5, "active": true, "price": 18.949999999999999, "name": "Jasmine Special with Brown Rice", "description": "steamed shrimp and broccoli over jasmine rice with melted monterey jack cheese"}}, {"pk": 50, "model": "legals.menuitem", "fields": {"category": 6, "active": true, "price": -1.0, "name": "New England Lobster Bake", "description": "start with a cup of our famous clam chowder, followed by a plate of steamers, mussels, chouri\u00e7o, corn on the cob and a steamed 1-1.25 lb. lobster (larger sizes available please inquire)"}}, {"pk": 51, "model": "legals.menuitem", "fields": {"category": 6, "active": true, "price": -1.0, "name": "Steamed Lobster", "description": "inquire on size"}}, {"pk": 52, "model": "legals.menuitem", "fields": {"category": 7, "active": true, "price": 25.949999999999999, "name": "Wild Salmon", "description": ""}}, {"pk": 53, "model": "legals.menuitem", "fields": {"category": 7, "active": true, "price": 26.949999999999999, "name": "Swordfish", "description": "10 oz. center prime cut; tested for purity"}}, {"pk": 54, "model": "legals.menuitem", "fields": {"category": 7, "active": true, "price": 24.949999999999999, "name": "Tuna", "description": "cooked medium rare; tested for purity"}}, {"pk": 55, "model": "legals.menuitem", "fields": {"category": 7, "active": true, "price": 22.949999999999999, "name": "Arctic Char", "description": "10 oz. "}}, {"pk": 56, "model": "legals.menuitem", "fields": {"category": 7, "active": true, "price": 25.949999999999999, "name": "Rainbow Trout", "description": ""}}, {"pk": 57, "model": "legals.menuitem", "fields": {"category": 7, "active": true, "price": 17.949999999999999, "name": "Bluefish", "description": ""}}, {"pk": 58, "model": "legals.menuitem", "fields": {"category": 7, "active": true, "price": 21.949999999999999, "name": "Barramundi", "description": ""}}, {"pk": 59, "model": "legals.menuitem", "fields": {"category": 7, "active": true, "price": 21.949999999999999, "name": "Atlantic Salmon", "description": ""}}, {"pk": 60, "model": "legals.menuitem", "fields": {"category": 7, "active": true, "price": 21.949999999999999, "name": "Atlantic Salmon Crispy Fried", "description": "choice of 2 sides; selection of fish based on quality and avalibility"}}, {"pk": 61, "model": "legals.menuitem", "fields": {"category": 7, "active": true, "price": 19.949999999999999, "name": "Shrimp", "description": ""}}, {"pk": 62, "model": "legals.menuitem", "fields": {"category": 7, "active": true, "price": 22.949999999999999, "name": "Sea Scallops", "description": ""}}, {"pk": 63, "model": "legals.menuitem", "fields": {"category": 7, "active": true, "price": 22.949999999999999, "name": "Haddock", "description": ""}}, {"pk": 64, "model": "legals.menuitem", "fields": {"category": 8, "active": true, "price": 24.989999999999998, "name": "Legal Experience", "description": "sample our blackened raw* tuna \u201csashimi\u201d, steamed wontons, shrimp cocktail and crab cakes"}}, {"pk": 65, "model": "legals.menuitem", "fields": {"category": 8, "active": true, "price": 14.5, "name": "Legal\u2019s Signature Crab Cake", "description": "lump crab, mustard sauce, seasonal salad (contains nuts)"}}, {"pk": 66, "model": "legals.menuitem", "fields": {"category": 8, "active": true, "price": 13.949999999999999, "name": "Oysters Legal", "description": "baked with spinach, cheese and crumbs"}}, {"pk": 67, "model": "legals.menuitem", "fields": {"category": 8, "active": true, "price": 11.949999999999999, "name": "Hot Lump Crab Dip with Seafood Chips", "description": "lump crab, horseradish, cheddar and cream cheese"}}, {"pk": 68, "model": "legals.menuitem", "fields": {"category": 8, "active": true, "price": 10.949999999999999, "name": "Coconut Shrimp", "description": "curry battered, rolled in coconut chips and fried, with orange ginger marmalade"}}, {"pk": 69, "model": "legals.menuitem", "fields": {"category": 8, "active": true, "price": 10.949999999999999, "name": "Crispy Montauk Calamari", "description": "regular, spicy, Rhode Island style (hot peppers and garlic) or Thai style (pineapple and peanuts)"}}, {"pk": 70, "model": "legals.menuitem", "fields": {"category": 8, "active": true, "price": 12.949999999999999, "name": "New England Fried Clams", "description": "whole-bellied, sweet and petite, piled high atop homemade cornbread"}}, {"pk": 71, "model": "legals.menuitem", "fields": {"category": 8, "active": true, "price": 8.9499999999999993, "name": "Shrimp Wontons", "description": "steamed or fried, with seaweed salad"}}, {"pk": 72, "model": "legals.menuitem", "fields": {"category": 8, "active": true, "price": 9.9499999999999993, "name": "Popcorn Shrimp", "description": ""}}, {"pk": 73, "model": "legals.menuitem", "fields": {"category": 8, "active": true, "price": 4.9500000000000002, "name": "Steamed Edamame", "description": "tossed with seasoned salt"}}, {"pk": 1, "model": "legals.menuitemreview", "fields": {"comment": "", "item": 5, "reason": 0, "timestamp": "2010-03-11 14:54:01", "rating": 0}}, {"pk": 2, "model": "legals.menuitemreview", "fields": {"comment": "", "item": 25, "reason": 0, "timestamp": "2010-03-11 14:54:48", "rating": 0}}, {"pk": 1, "model": "legals.order", "fields": {"updated": "2010-03-11 14:50:11", "items": [], "receipt": "", "user": 1, "timestamp": "2010-03-11 14:50:11", "table": 1}}, {"pk": 2, "model": "legals.order", "fields": {"updated": "2010-03-11 14:53:10", "items": [], "receipt": "", "user": 1, "timestamp": "2010-03-11 14:53:10", "table": 1}}, {"pk": 3, "model": "legals.order", "fields": {"updated": "2010-03-11 14:53:52", "items": [1, 2], "receipt": "", "user": 1, "timestamp": "2010-03-11 14:53:52", "table": 1}}, {"pk": 1, "model": "legals.eventaccess", "fields": {"udid": "1827393876182938273628394837283fjdkslelfialskdifjesiqjwlfosklir9", "latitude": -24.234000000000002, "bad": false, "longitude": 23.231999999999999}}, {"pk": 2, "model": "legals.eventaccess", "fields": {"udid": "fwr42348fwr42348fwr42348fwr42348fwr42348fwr42348fwr42348fwr42348", "latitude": -42.7823742, "bad": true, "longitude": 74.234140999999994}}]
